vol1	chapters/connections/arithmetic_shadows.tex	576	Wave-N	arithmetic faces (Wave~13 DNA, S11)]
vol1	chapters/connections/arithmetic_shadows.tex	975	Wave-N	Lusztig specialisation (Wave~13 DNA, S8)]
vol1	chapters/connections/arithmetic_shadows.tex	6142	Wave-N	Saito--Kurokawa packet and $M_{24}$ twist (Wave~13 DNA, S9)]
vol1	chapters/connections/arithmetic_shadows.tex	12354	Wave-N	$11$D SUGRA on $\mathrm{K3} \times T^2$ (Wave~13 DNA, S5)]
vol1	chapters/connections/arithmetic_shadows.tex	12816	Wave-N	invariant (Wave~13 DNA, S2)]
vol1	chapters/connections/bv_brst.tex	2879	Wave-N	Wave~15 pushes one order further: the $\hbar^2$ piece of the quantum
vol1	chapters/connections/bv_brst.tex	2884	Wave-N	\begin{proposition}[Two-loop BV obstruction is exact; Wave~15]
vol1	chapters/connections/bv_brst.tex	3062	Wave-N	Wave~18]
vol1	chapters/connections/bv_brst.tex	3131	Wave-N	\begin{proposition}[Banding as BV zero-loop counterterm; Wave~18]
vol1	chapters/connections/bv_brst.tex	3179	Wave-N	\begin{remark}[Heegner-simplex linking-number formula; Wave~18]
vol1	chapters/connections/bv_brst.tex	3219	Wave-N	from banding; Wave~18]
vol1	chapters/connections/bv_brst.tex	3266	APn	factor-of-two is orthogonal to the two-$\hbar$ direction (AP151).
vol1	chapters/connections/bv_brst.tex	3473	Wave-N	Heegner pattern, and the first non-zero entry beyond the Wave~13
vol1	chapters/connections/bv_brst.tex	3709	Wave-N	theta-product graph of the Wave~13 inscription and the canonical
vol1	chapters/connections/concordance.tex	11629	Wave-N	the K3 chiral bialgebra synthesis. Wave~13 reframes $\Delta_5$ as the
vol1	chapters/connections/concordance.tex	11726	Wave-N	The transition functions between charts are exactly the Wave~13 DNA
vol1	chapters/connections/concordance.tex	11741	Wave-N	Wave~13 first-principles pants-decomposition gave
vol1	chapters/connections/concordance.tex	11743	Wave-N	Wave~14 retracted in favour of the Chacaltana--Distler ansatz
vol1	chapters/connections/concordance.tex	11746	Wave-N	Wave~15 Gaiotto falsified the Wave~14 ansatz against the
vol1	chapters/connections/concordance.tex	11750	Wave-N	and restored the Wave~13 values via the correct formula
vol1	chapters/connections/concordance.tex	11771	Wave-N	The intermediate Wave~14 value
vol1	chapters/connections/concordance.tex	11774	Wave-N	Wave~14 numerical values are scope-qualified to the retracted
vol1	chapters/connections/concordance.tex	11775	Wave-N	Wave~14 evaluation; their surrounding mathematical content (shadow
vol1	chapters/connections/concordance.tex	11804	Wave-N	independently audited against primary literature. The Wave~14
vol1	chapters/connections/concordance.tex	11805	Wave-N	ansatz passed no primary-source audit; the Wave~13 formula passed
vol1	chapters/connections/editorial_constitution.tex	2927	Wave-N	The Volume~III Wave~13 adversarial campaign retracts the label ``K3 Yangian'' for the
vol1	chapters/connections/editorial_constitution.tex	2938	Wave-N	The Wave~13 Mukai-doubling conductor $K^{\kappa_{\mathrm{ch}}}(\mathcal{H}_{\mathrm{Muk}}(K3))
vol1	chapters/connections/entanglement_modular_koszul.tex	1306	Wave-N	matching $c/3 = 8$. Wave~13 identifies this $8$ as the Koszul conductor
vol1	chapters/connections/entanglement_modular_koszul.tex	1435	Wave-N	All three Wave-17 entanglement statements (the negative
vol1	chapters/connections/entanglement_modular_koszul.tex	1437	inscrib	the topological-anomaly interpretation) are inscribed on the
vol1	chapters/connections/entanglement_modular_koszul.tex	1544	APn	\emph{Multi-path verification} (AP10):
vol1	chapters/connections/entanglement_modular_koszul.tex	1576	APn	$\mathrm{THH}$; AP160 discipline). The bound $|\Lambda_\infty|\leq 8^{129}$
vol1	chapters/connections/feynman_diagrams.tex	1354	inscrib	inscribed at \texttt{chapters/connections/bv\_brst.tex}
vol1	chapters/connections/feynman_diagrams.tex	1368	Wave-N	\begin{remark}[Wave 22: diagrammatic moves and 5-loop extension]
vol1	chapters/connections/feynman_diagrams.tex	1450	APn	\hbar_2 = \epsilon_2$ distinguished (AP151). Cross-ref Vol.~II
vol1	chapters/connections/feynman_diagrams.tex	1562	AP-CY	\begin{remark}[AP-CY20 spectral-parameter mechanism via $\Omega$-intermediary; \ClaimStatusHeuristic]
vol1	chapters/connections/feynman_diagrams.tex	1564	AP-CY	Cache-guard AP-CY20: the spectral parameters of the MO-Yangian on
vol1	chapters/connections/feynman_diagrams.tex	1592	AP-CY	The AP-CY20 discipline: the chain $N_{C/Y} \to \Omega \to (u, v)$ is
vol1	chapters/connections/frontier_modular_holography_platonic.tex	5363	Wave-N	the intermediate Wave-14 value $(c_{4d}, c_{2d}) = (26, -312)$ is
vol1	chapters/connections/frontier_modular_holography_platonic.tex	5946	Wave-N	achieves its K3 realisation at the Wave~13 bialgebra $\mathbf H_{\Delta_5}$
vol1	chapters/connections/frontier_modular_holography_platonic.tex	5960	Wave-N	$r$-matrix, and its universal MC element) all hold at the Wave~13 base
vol1	chapters/connections/frontier_modular_holography_platonic.tex	5969	Wave-N	B-family at Wave~13 through the Bruinier 2002 Prop.~5.1 Heegner
vol1	chapters/connections/genus1_seven_faces.tex	395	APn	% AP288: level prefix k/(k+h^v) mandatory in Killing-form convention;
vol1	chapters/connections/genus1_seven_faces.tex	454	APn	% AP148: KZ convention from thm:hdm-face-5; at k=0 gives Omega/(h^v z) != 0.
vol1	chapters/connections/genus1_seven_faces.tex	572	APn	\textup{(}AP288\textup{)}:
vol1	chapters/connections/genus1_seven_faces.tex	612	APn	this equation at all $k$. This is the AP288 level-prefix discipline
vol1	chapters/connections/genus1_seven_faces.tex	755	APn	AP5 propagation requires that any statement involving a numerical
vol1	chapters/connections/genus1_seven_faces.tex	1119	inscrib	in Vol.~II rather than inscribed in Vol.~I.
vol1	chapters/connections/genus1_seven_faces.tex	1186	APn	% AP288: level prefix k/(k+h^v) in Killing-form convention; at k=0 the
vol1	chapters/connections/genus1_seven_faces.tex	1231	APn	% AP288: level prefix k/(k+h^v); equivalent to Drinfeld k*Omega_tr/z on
vol1	chapters/connections/genus1_seven_faces.tex	1489	Wave-N	Wave~13 identifies three independent faces of this $8$ via Bruinier $2002$ Proposition~$5.1$
vol1	chapters/connections/genus1_seven_faces.tex	1500	Wave-N	Beyond the seven faces of genus-$1$ $r(z)$ catalogued in Vol~I, Wave~13 adds an eighth
vol1	chapters/connections/genus_complete.tex	2831	Wave-N	The $K3 \times E$ chiral bialgebra of Vol~III Wave~13 has Siegel character
vol1	chapters/connections/genus_complete.tex	2912	Wave-N	lattice rank. This confirms the Wave~15 direction rule
vol1	chapters/connections/genus_complete.tex	2913	WN	(cache entry W15-Mukai-grading-direction): grading is on the
vol1	chapters/connections/holographic_datum_master.tex	701	Wave-N	intermediate Wave-14 value $26$ is retracted per Vol~I
vol1	chapters/connections/holographic_datum_master.tex	784	APn	% AP148: KZ convention, consistent with eq:hdm-face-5; at k=0 gives Omega/(h^v z) != 0.
vol1	chapters/connections/holographic_datum_master.tex	2365	inscrib	inscribed in Chapter~\ref{chap:universal-conductor}. No stronger
vol1	chapters/connections/holographic_datum_master.tex	2403	inscrib	inscribed outside those five families. This supplies the conductor side
vol1	chapters/connections/holographic_datum_master.tex	2445	inscrib	BRST-to-Borcherds comparison is inscribed outside the five verified
vol1	chapters/connections/holographic_datum_master.tex	2448	inscrib	the $\mathrm{wt}(\Delta_5) = 5$ answer is therefore an inscribed
vol1	chapters/connections/holographic_datum_master.tex	2691	Wave-N	Vol~II Wave-2 Theorem ``Bulk-to-boundary OPE consistency'' which
vol1	chapters/connections/holographic_datum_master.tex	2801	Wave-N	$\cA = \Phi_d(\cC)$. Vol~II Wave-2 Theorem ``Bulk-to-boundary OPE
vol1	chapters/connections/holographic_datum_master.tex	3024	Pattern-n	\begin{remark}[Pattern 273 scope discipline; what the theorem does
vol1	chapters/connections/holographic_datum_master.tex	3099	Wave-N	Wave-2 Theorem ``Bulk-to-boundary OPE consistency''; the
vol1	chapters/connections/holographic_datum_master.tex	3122	Wave-N	The holographic datum master diagram, when evaluated at the Wave~13 K3
vol1	chapters/connections/holographic_datum_master.tex	3125	Wave-N	\mathcal H(\mathbf H_{\Delta_5}) \;=\; \bigl(\mathbf H_{\Delta_5},\; \mathbf H_{\Delta_5}^{\!(!)},\; B_{\mathrm{ch}}(\mathbf H_{\Delta_5}),\; R_{\m...
vol1	chapters/connections/holographic_datum_master.tex	3129	Wave-N	D\cdot \Theta_{\mathrm{Wave13}} + \tfrac{1}{2}[\Theta_{\mathrm{Wave13}}, \Theta_{\mathrm{Wave13}}] \;=\; 0
vol1	chapters/connections/holographic_datum_master.tex	3135	Wave-N	the Wave~13 bi-based Ran-space datum. Primary-lit cited in Vol.~III,
vol1	chapters/connections/subregular_hook_frontier.tex	1700	inscrib	relevant $\beta\gamma$-type reduction is inscribed as
vol1	chapters/connections/subregular_hook_frontier.tex	1709	inscrib	is inscribed here \emph{only} at $N = 3$. The propagation of
vol1	chapters/connections/subregular_hook_frontier.tex	1726	inscrib	not inscribed in this volume; the minimal route is documented at
vol1	chapters/connections/thqg_introduction_supplement_body.tex	1914	Wave-N	Wave~13 K3 perspective, by the single non-abelian chiral bialgebra
vol1	chapters/connections/thqg_introduction_supplement_body.tex	1923	Wave-N	Wave~13 saga, with the main body chapters supplying the detailed
vol1	chapters/connections/thqg_open_closed_realization.tex	1726	Wave-N	$\mathfrak{su}(2)^{24}$ (Wave~15 canonical values; see
vol1	chapters/connections/thqg_open_closed_realization.tex	1728	Wave-N	double-retraction of the intermediate Wave~14 evaluation
vol1	chapters/connections/thqg_open_closed_realization.tex	1733	Wave-N	Kodaira $I_1$ fibres $E^{\mathrm{nod,sm}}_{24}$ in the Wave~13 bi-based
vol1	chapters/connections/thqg_open_closed_realization.tex	1741	Wave-N	The Wave~13 bi-based Ran space $(\mathrm{Ran}(E^{\mathrm{nod,sm}}_{24}),\,\bar{\mathcal A}_2)$
vol1	chapters/connections/thqg_open_closed_realization.tex	1793	Wave-N	(Wave~13 Beilinson B-1) coincides with the order of the
vol1	chapters/connections/thqg_open_closed_realization.tex	1833	Wave-N	is Wave~13 Gaiotto~W13-Gai-1 and is falsifiable at
vol1	chapters/connections/thqg_open_closed_realization.tex	1852	Wave-N	Wave~13 base point $\mathcal T[A_1, \Sigma_{0,24}]$ extends to a
vol1	chapters/connections/thqg_open_closed_realization.tex	1859	Wave-N	indexed by $N$; the Wave~14 object is the $N = 2$ entry.
vol1	chapters/connections/thqg_open_closed_realization.tex	1935	Wave-N	\begin{remark}[Retraction of Wave~14's Chacaltana--Distler formula]
vol1	chapters/connections/thqg_open_closed_realization.tex	1937	Wave-N	Wave~14 asserted
vol1	chapters/connections/thqg_open_closed_realization.tex	1944	Wave-N	and $c_{2d} = -214$, coinciding with the boxed Wave~13 value
vol1	chapters/connections/thqg_open_closed_realization.tex	1946	Wave-N	Wave~14 retraction $c_{4d} = 26$ is itself retracted here. The
vol1	chapters/connections/thqg_open_closed_realization.tex	1947	Wave-N	earlier Wave~13 $a_{4d} = 421/24$ differs from the first-principles
vol1	chapters/connections/thqg_open_closed_realization.tex	1950	Wave-N	$\mathbb{Z}/6$ anomaly identified in Wave~14 is independent of this
vol1	chapters/connections/thqg_open_closed_realization.tex	1969	Wave-N	order $6$ as in Wave~14 (Theorem~k3-projective-M24-equivariance,
vol1	chapters/connections/thqg_open_closed_realization.tex	2008	Wave-N	The K3-specificity of Wave~13's choice
vol1	chapters/examples/bar_complex_tables.tex	4582	Wave-N	The bar-complex tables here extend to the Wave~13 K3 bialgebra
vol1	chapters/examples/beta_gamma.tex	2955	Wave-N	enters the Wave~13 construction as a building block. The class-$\mathcal S$
vol1	chapters/examples/chiral_moonshine_unified.tex	77	inscrib	Four theorems are inscribed here.
vol1	chapters/examples/chiral_moonshine_unified.tex	104	inscrib	already-inscribed Vol~I framework plus the Vol~II
vol1	chapters/examples/chiral_moonshine_unified.tex	810	inscrib	self-contained in Vol~I: it consumes two inscribed Vol~II results,
vol1	chapters/examples/deformation_quantization.tex	2166	Wave-N	Wave~13 K3 base point, to the BKM Lie bialgebra $\mathfrak g_{\Delta_5}$:
vol1	chapters/examples/deformation_quantization.tex	2173	Wave-N	equivalent up to gauge, and the Wave~13 chiral bialgebra is the unique
vol1	chapters/examples/deformation_quantization.tex	2186	Wave-N	Wave~13 established the uniqueness of the Etingof--Kazhdan
vol1	chapters/examples/deformation_quantization.tex	2189	Wave-N	\Delta_5$. Wave~19 traverses that moduli line to the opposite endpoint
vol1	chapters/examples/deformation_quantization.tex	2208	Wave-N	The Wave~17 Drinfeld factorisation
vol1	chapters/examples/deformation_quantization.tex	2348	Wave-N	this is the Siegel--Borcherds associator of the Wave~13 inscription.
vol1	chapters/examples/deformation_quantization.tex	2406	APn	\emph{Multi-path verification} (AP10):
vol1	chapters/examples/deformation_quantization.tex	2483	Wave-N	is the CY-to-chiral image of the Wave~13 base point.
vol1	chapters/examples/deformation_quantization.tex	2521	Wave-N	The Wave~19 classical-limit theorem pins one end of the
vol1	chapters/examples/free_fields.tex	6053	Wave-N	At $\Phi_2(D^b\mathrm{Coh}(K3))$ the free-field output is the Mukai-Heisenberg $\mathcal{H}_{\mathrm{Muk}}$ at $c = 24$ on $\Lambda_{\mathrm{Muk}} ...
vol1	chapters/examples/free_fields.tex	6058	Wave-N	At the separating-node degeneration of the genus-$2$ Siegel character of the K3 chiral bialgebra (Vol~III Wave~13), $1/\Phi_{10}(\mathrm{diag}(\tau...
vol1	chapters/examples/genus_expansions.tex	4006	Wave-N	The genus-expansion machinery of this chapter lifts to the Wave~13 K3
vol1	chapters/examples/genus_expansions.tex	4009	Wave-N	surfaces. The Wave~13 chiral bialgebra $\mathbf H_{\Delta_5}$ supplies
vol1	chapters/examples/genus_expansions.tex	4042	Wave-N	and $\lambda_2 = 1$. This is the Wave~13 refinement of the classical
vol1	chapters/examples/heisenberg_eisenstein.tex	2	APn	% (FM6 / V2-AP39): provided locally so the chapter remains portable
vol1	chapters/examples/heisenberg_eisenstein.tex	2576	Wave-N	The Heisenberg-Eisenstein construction, applied at the Wave~13 K3 base
vol1	chapters/examples/heisenberg_eisenstein.tex	2585	Wave-N	(the class-G Heisenberg chamber in Theorem~C at Wave~13), the Wave~13
vol1	chapters/examples/kac_moody.tex	2	APn	% (FM6 / V2-AP39): provided locally so the chapter remains portable
vol1	chapters/examples/kac_moody.tex	19	Wave-N	\noindent\emph{Wave-14 cross-volume anchors.}
vol1	chapters/examples/kac_moody.tex	6132	Wave-N	Beyond Kac-Moody $\widehat{\mathfrak{g}}_k$, the Vol~III Wave~13 K3 chiral bialgebra arises from the generalised Borcherds-Kac-Moody superalgebra $...
vol1	chapters/examples/landscape_census.tex	280	inscrib	HF = honest frontier (inscribed scope, invariant not yet closed).
vol1	chapters/examples/landscape_census.tex	302	inscrib	not yet inscribed family-by-family. See
vol1	chapters/examples/landscape_census.tex	1778	Wave-N	of the Humbert divisor $H_1\subset\overline{\mathcal{A}_2}$ (Wave 13 inscription).
vol1	chapters/examples/landscape_census.tex	4971	inscrib	(Table~\ref{tab:master-invariants}). They are inscribed here as
vol1	chapters/examples/landscape_census.tex	4991	inscrib	family-by-family master-table entries are not yet inscribed.
vol1	chapters/examples/landscape_census.tex	5003	inscrib	admissible levels are not yet inscribed as a separate family row
vol1	chapters/examples/landscape_census.tex	5008	inscrib	re-inscribed in this master table. The Schellekens $71$~holomorphic
vol1	chapters/examples/landscape_census.tex	5024	Wave-N	\begin{remark}[Landscape census row at K3$\times$E: the canonical Wave~13 base point]
vol1	chapters/examples/landscape_census.tex	5026	Wave-N	The landscape census's K3$\times$E row is the Wave~13 canonical base
vol1	chapters/examples/landscape_census.tex	5040	Wave-N	specialisation $\hbar^2 = -1/8$ selects this row as the Wave~13 canonical
vol1	chapters/examples/landscape_census.tex	5045	Wave-N	\begin{remark}[Landscape census Wave~13 rows beyond K3$\times$E]
vol1	chapters/examples/landscape_census.tex	5047	Wave-N	Extending the Wave~13 base point through the landscape: (i) CY-$1$
vol1	chapters/examples/landscape_census.tex	5055	Wave-N	$d\geq 2$ has an (in principle) BKM lift with Wave~13 identity
vol1	chapters/examples/lattice_foundations.tex	5339	Wave-N	culminate, in the Wave~13 K3 setting, at the Mukai lattice
vol1	chapters/examples/lattice_foundations.tex	5351	Wave-N	Wave~13 chiral quantisation, $\Lambda_{\mathrm{Muk}}$ becomes the
vol1	chapters/examples/lattice_foundations.tex	5412	Wave-N	The lattice-theoretic content of the Wave~17 universal functor
vol1	chapters/examples/lattice_foundations.tex	5530	Wave-N	The lattice-theoretic face of the Wave~18 (Witten) Lusztig-level
vol1	chapters/examples/lattice_foundations.tex	5538	Wave-N	extension of the K3 Wave~14/17 analysis).
vol1	chapters/examples/lattice_foundations.tex	5663	Wave-N	\begin{remark}[Five-entry $\Psi$-functor lattice table (Wave~19 extension)]
vol1	chapters/examples/lattice_foundations.tex	5666	Wave-N	Extending the three-entry Wave~17 flagship table of
vol1	chapters/examples/level1_bridge.tex	22	Wave-N	Wave-14 anchors. The shadow class undergoes a transition
vol1	chapters/examples/logarithmic_w_algebras.tex	729	inscrib	in the bar complex of $\cW(3)$ is not inscribed in this
vol1	chapters/examples/logarithmic_w_algebras.tex	770	inscrib	growth through the inscribed engine window $r \leq 10$;
vol1	chapters/examples/minimal_model_examples.tex	2	APn	% (FM6 / V2-AP39): provided locally so the chapter remains portable
vol1	chapters/examples/minimal_model_examples.tex	28	Wave-N	\noindent\emph{Wave-14 cross-volume κ-values for these examples.}
vol1	chapters/examples/minimal_model_fusion.tex	2	APn	% (FM6 / V2-AP39): provided locally so the chapter remains portable
vol1	chapters/examples/minimal_model_fusion.tex	27	Wave-N	\noindent\emph{Wave-14 cross-volume anchors.}
vol1	chapters/examples/moonshine.tex	15	Wave-N	Wave-14 anchors. The shadow-class transition
vol1	chapters/examples/n2_superconformal.tex	12	Wave-N	Wave-14 anchors. The W-type complementarity sum
vol1	chapters/examples/w3_composite_fields.tex	2	APn	% (FM6 / V2-AP39): provided locally so the chapter remains portable
vol1	chapters/examples/w3_holographic_datum.tex	10	APn	% (FM6 / V2-AP39): provided locally so the chapter remains portable
vol1	chapters/examples/w3_holographic_datum.tex	36	Wave-N	\noindent\emph{Wave-14 cross-volume anchors.}
vol1	chapters/examples/w_algebras.tex	2	APn	% (FM6 / V2-AP39): provided locally so the chapter remains portable
vol1	chapters/examples/w_algebras.tex	19	Wave-N	\noindent\emph{Wave-14 cross-volume anchors.}
vol1	chapters/examples/w_algebras.tex	7270	Wave-N	At the $K3 \times E$ BKM chiral algebra $\mathbf{H}_{\Delta_5}$ of Vol~III Wave~13, the extended $W$-algebra $\cW^{\mathrm{BKM}}_\infty$ associated...
vol1	chapters/examples/w_algebras.tex	7274	Wave-N	obstructs free generation, where $c_{\phi_{0,1}}(D)$ are the K3 elliptic-genus Fourier coefficients and $[\Omega_{\mathrm{Kodaira}}]$ is the $24$-K...
vol1	chapters/examples/w_algebras.tex	7279	Wave-N	The classical $\cW_{1+\infty}$ at $c = 1$ arises as the Drinfeld centre of $\Rep^{E_1}(\CoHA(\mathbb{C}^3)) = Y^+(\widehat{\mathfrak{gl}}_1)$, not ...
vol1	chapters/examples/w_algebras.tex	7288	Wave-N	At the Mathieu-moonshine sector (Eguchi--Ooguri--Tachikawa $2011$; Gaberdiel--Hohenegger--Volpato $2012$), the five anomalous conjugacy classes $\{...
vol1	chapters/examples/w_algebras.tex	7295	Wave-N	Wave-15 corrected]
vol1	chapters/examples/w_algebras.tex	7307	Wave-N	with Wave-15 canonical central charge $c_{2d} = -214$ (from
vol1	chapters/examples/w_algebras.tex	7311	Wave-N	of the intermediate Wave~14 value $c_{2d} = -312$) and flavour
vol1	chapters/examples/w_algebras.tex	7321	Wave-N	the Wave~13 $W_{1+\infty}$-structure on the K3 Fock space
vol1	chapters/examples/w_algebras.tex	7326	Wave-N	The Wave~13 quantisation replaces $W_{1+\infty}$ by $\mathbf H_{\Delta_5}$:
vol1	chapters/examples/w_algebras.tex	7328	Wave-N	\Delta^{\mathrm{Wave13}} \;=\; \Delta^{\mathrm{SV}}\bigm|_{\hbar^2 = -1/8}
vol1	chapters/examples/w_algebras.tex	7337	Wave-N	The Miura transform of $W_N$-type algebras at the Wave~13 base specialises
vol1	chapters/examples/w_algebras.tex	7338	Wave-N	to $\Psi = 1/2$ through the Wave~13 Miura identity
vol1	chapters/examples/w_algebras.tex	7344	Wave-N	Wave~13 statement of the Arakawa-Creutzig-Linshaw 2019 $W$-algebra
vol1	chapters/examples/w_algebras_deep.tex	2	APn	% (FM6 / V2-AP39): provided locally so the chapter remains portable
vol1	chapters/examples/w_algebras_deep.tex	5633	Wave-N	record of the intermediate Wave~14 evaluation $(c_{4d}, c_{2d})
vol1	chapters/examples/w_algebras_deep.tex	5667	Wave-N	the classical limit. At $\hbar^2 = -1/8$ the Wave~13 quantisation deforms
vol1	chapters/examples/w_algebras_deep.tex	5673	Wave-N	\begin{remark}[Wave~16 Gaiotto DNA: class-$\mathcal S$ $A_{N-1}$ $N$-parametric table]
vol1	chapters/examples/w_algebras_deep.tex	5717	Wave-N	\begin{remark}[Wave~16 Gaiotto DNA: Borcherds weight vs Gritsenko weight (cache-append)]
vol1	chapters/examples/w_algebras_deep.tex	5782	Wave-N	\begin{remark}[Wave~16 Gaiotto DNA: conjectured Siegel weight $k_N$ for $A_{N-1}$]
vol1	chapters/examples/w_algebras_deep.tex	5821	Wave-N	\textbf{Wave~17+ open problem.} Prove $f^{(N)}(0,0) = 2(N+3)$ at
vol1	chapters/examples/w_algebras_deep.tex	5827	Wave-N	computable by Weyl integration in the Wave~14 format.
vol1	chapters/examples/w_algebras_deep.tex	5830	Wave-N	\begin{remark}[Wave~16 Gaiotto DNA: umbral moonshine extension]
vol1	chapters/examples/w_algebras_deep.tex	5860	Wave-N	\textbf{Wave~16 conjecture.} For each $N \leq 6$, the
vol1	chapters/examples/w_algebras_deep.tex	5863	Wave-N	extending the Wave~13 ``$24$ Miki copies'' presentation with
vol1	chapters/examples/w_algebras_deep.tex	5867	Wave-N	this is the Wave~13 theorem; at $N=3,4,\ldots$ it remains open.
vol1	chapters/examples/w_algebras_deep.tex	5870	Wave-N	\begin{remark}[Wave~17 Gaiotto DNA: Borcherds-lift verification of
vol1	chapters/examples/w_algebras_deep.tex	5876	Wave-N	Wave~17 verifies the hypothesis (and hence the weight) at $N = 3$
vol1	chapters/examples/w_algebras_deep.tex	5953	Wave-N	\begin{theorem}[Wave~17 Gaiotto: Borcherds / Siegel weight for
vol1	chapters/examples/w_algebras_deep.tex	6055	Wave-N	\begin{remark}[Wave~18 Gaiotto DNA: $N = 6$ re-anchoring to the
vol1	chapters/examples/w_algebras_deep.tex	6062	Wave-N	Ch.\ 16 Table 16.1). Wave~18 re-anchors the $N = 6$ umbral
vol1	chapters/examples/w_algebras_deep.tex	6083	Wave-N	The Wave~18 choice is $X_6 = 6 D_4$, for three reasons.
vol1	chapters/examples/w_algebras_deep.tex	6124	Wave-N	equivalently $k_6 = 9/2$ on the spin cover. The Wave~18 Niemeier
vol1	chapters/examples/w_algebras_deep.tex	6200	Wave-N	(up from $47$ at Wave~17 + $34$ Wave~18 additions).
vol1	chapters/examples/w_algebras_deep.tex	6203	Wave-N	\begin{theorem}[Wave~18 Gaiotto: $N = 6$ umbral re-anchoring to
vol1	chapters/examples/w_algebras_deep.tex	6212	Wave-N	The Wave~18 re-anchored labelling uses the Niemeier root system
vol1	chapters/examples/w_algebras_deep.tex	6259	Wave-N	(Wave~17 Theorem~\ref{thm:walgdeep-gaiotto-siegel-weight}
vol1	chapters/examples/w_algebras_deep.tex	6413	Wave-N	the value under the Wave~18 $6 D_4$ labelling, and the Borcherds
vol1	chapters/examples/w_algebras_deep.tex	6466	Wave-N	ambiguity). The Wave~18 argument that
vol1	chapters/examples/w_algebras_deep.tex	6479	Wave-N	The Wave~18 $6 D_4$ anchor arises from the independent
vol1	chapters/examples/w_algebras_deep.tex	6701	Wave-N	The Wave~15--18 analysis of class-$\mathcal S$
vol1	chapters/examples/w_algebras_deep.tex	6939	Wave-N	Wave~17/18 analysis gives the unified class-$\mathcal S$
vol1	chapters/examples/w_algebras_deep.tex	7000	Wave-N	Full test count: $120$ passing (up from $81$ at Wave~18; $39$
vol1	chapters/examples/w_algebras_deep.tex	7001	Wave-N	new Wave~19 tests).
vol1	chapters/examples/yangians_drinfeld_kohno.tex	9045	Wave-N	The Vol~III Wave~13 campaign inscribes a fourth quasi-Hopf taxonomic slot beyond Drinfeld--Jimbo, Yangians, RTT, and Manin-triple quasi-Hopf: the \...
vol1	chapters/examples/yangians_drinfeld_kohno.tex	9054	Wave-N	The Drinfeld--Kohno Lie algebra $\widehat{\mathfrak{t}}_3$ underlying the classical KZ associator $\Phi_{KZ}$ extends in Wave~13 to the Siegel Drin...
vol1	chapters/examples/yangians_drinfeld_kohno.tex	9069	Wave-N	Wave 13 Theorem C enlargement: on the Lorentzian-lattice-parametric $\mathcal{B}$-family, $K^{\kappa_{\mathrm{ch}}}(\mathcal{H}_{\mathrm{Muk}}(K3))...
vol1	chapters/examples/yangians_drinfeld_kohno.tex	9083	Wave-N	under the Yangian $R$-matrix representation. At the Wave~13 K3 base
vol1	chapters/examples/yangians_drinfeld_kohno.tex	9092	Wave-N	equals the image of the Wave~13 $R$-matrix $R_{\mathrm{Sieg,dyn}}$
vol1	chapters/examples/yangians_drinfeld_kohno.tex	9108	Wave-N	(Gaberdiel-Hohenegger-Volpato 2012). This is the Wave~13 $M_{24}$-twist
vol1	chapters/examples/yangians_drinfeld_kohno.tex	9118	Wave-N	with values in $\mathbf H_{\Delta_5}^{\otimes n}$ form the Wave~13
vol1	chapters/examples/yangians_drinfeld_kohno.tex	9121	Wave-N	\mathcal V^{(n)}_{\mathrm{Wave13}}(Z) \;=\; \Bigl\{\, \psi\in\mathbf H_{\Delta_5}^{\otimes n}\,\otimes\,\mathcal O_{\bar{\mathcal A}_2}\ :\ \nabla^...
vol1	chapters/examples/yangians_drinfeld_kohno.tex	9128	Wave-N	at $s = n$. This is the Wave~13 version of the classical Knizhnik-Zamolodchikov
vol1	chapters/examples/yangians_foundations.tex	49	Wave-N	Wave-14 anchors. The four Yangian incarnations (classical $Y(\fg)$
vol1	chapters/examples/yangians_foundations.tex	3761	inscrib	\mathfrak h^*$. The present section inscribes the elliptic frontier
vol1	chapters/examples/yangians_foundations.tex	3829	inscrib	inscribes it into the present programme as a twisting-cochain
vol1	chapters/examples/yangians_foundations.tex	3984	inscrib	D_4^{\Z/3}$, is inscribed at
vol1	chapters/examples/yangians_foundations.tex	4009	Wave-N	Lie algebras $\mathfrak g$. The Wave~13 K3 chiral Hall--Drinfeld double
vol1	chapters/examples/yangians_foundations.tex	4019	Wave-N	passage from the classical Yangian foundations to this Wave~13 taxon
vol1	chapters/examples/yangians_foundations.tex	4037	Wave-N	appearing in the Wave~13 Yangian structure is the quasi-classical limit
vol1	chapters/examples/yangians_foundations.tex	4046	Wave-N	allows the Wave~13 Yangian to be realised concretely rather than only
vol1	chapters/frame/heisenberg_frame.tex	4925	Wave-N	The Heisenberg frame specialises at K3 to the Mukai-Heisenberg $\mathcal{H}_{\mathrm{Muk}}$ on $\Lambda_{\mathrm{Muk}} = \mathrm{II}_{4,20}$ at $c ...
vol1	chapters/frame/part_ii_platonic_introduction.tex	186	inscrib	tower, inscribed in
vol1	chapters/frame/part_ii_platonic_introduction.tex	771	inscrib	inscribed theorems across Part~II and its cross-volume anchors.
vol1	chapters/frame/part_iii_platonic_introduction.tex	274	inscrib	inscribed, by cross-reference, to the existing content of the
vol1	chapters/frame/part_iv_platonic_introduction.tex	1093	Wave-N	\item On the Koszul locus: the Wave~14 chain-level statement with
vol1	chapters/frame/part_iv_platonic_introduction.tex	1200	Wave-N	and the formula reduces to the Wave~14 unramified Satake. Primary:
vol1	chapters/frame/part_iv_platonic_introduction.tex	1239	Wave-N	Wave~15 Remark~\ref{rem:pivpi-M24-order6}'s cocycle classes
vol1	chapters/frame/part_iv_platonic_introduction.tex	1259	Wave-N	The Wave~13 platonic idealisation realises the $\mathcal M$-class apex
vol1	chapters/frame/part_iv_platonic_introduction.tex	1279	Wave-N	$\f(\phi_{\Delta_5, 2}) = 17$. Wave~18 closes the global picture by
vol1	chapters/frame/part_iv_platonic_introduction.tex	1293	Wave-N	and the Wave~16 determination $\varepsilon_2 = -1$ on the spin-cover
vol1	chapters/frame/part_iv_platonic_introduction.tex	1320	Wave-N	spin-cover character group. Wave~18 refines this:
vol1	chapters/frame/part_iv_platonic_introduction.tex	1329	Wave-N	spin cover at weight $5$; the two Wave~16 generators match exactly
vol1	chapters/frame/part_iv_platonic_introduction.tex	1333	Wave-N	constituents of the Wave~18 global Arthur packet
vol1	chapters/frame/part_iv_platonic_introduction.tex	1339	Wave-N	$\pi_{\Delta_5}^{\mathrm{Fricke, spin-}}$. The Wave~16
vol1	chapters/frame/part_iv_platonic_introduction.tex	1341	Wave-N	restriction of the Wave~18 Klein-four $\mathrm{Irr}(S_{\psi_{\Delta_5}})$
vol1	chapters/frame/preface.tex	210	inscrib	Volume~IV inscribes the HEAL and UPGRADE theorems and aligns the
vol1	chapters/frame/preface.tex	217	inscrib	inscribed in the body, at least two genuinely independent structural
vol1	chapters/frame/preface.tex	219	inscrib	and~D are accompanied where inscribed by three or more family-level
vol1	chapters/frame/preface.tex	1829	inscrib	Calabi--Yau-to-chiral source through $\Phicy$; Volume~IV inscribes
vol1	chapters/frame/preface.tex	1834	inscrib	instances inscribed in the body, at least two genuinely
vol1	chapters/frame/preface.tex	5157	inscrib	The manuscript does not presently inscribe a primary-source-complete
vol1	chapters/frame/preface.tex	5212	inscrib	Volume~IV inscribes the HEAL and UPGRADE theorems in explicit form,
vol1	chapters/frame/preface.tex	5254	inscrib	% prop:perfectness-standard-landscape now a real label inscribed at
vol1	chapters/frame/preface.tex	5257	Wave-N	% prop:pbw-koszulness-criterion stub retired 2026-04-18 (Wave-15): the
vol1	chapters/frame/preface.tex	5260	APn	% from "Proposition~\ref{prop:...}" to "Theorem~\ref{thm:...}" (AP125
vol1	chapters/frame/preface.tex	5262	Wave-N	% chap:infinite-fingerprint-classification stub retired 2026-04-18 (Wave-15):
vol1	chapters/frame/preface.tex	5263	inscrib	% second \label{chap:infinite-fingerprint-classification} inscribed at the
vol1	chapters/frame/preface.tex	5266	APn	\phantomsection\label{chap:universal-holography-functor}% alias: Vol II chapter universal_celestial_holography.tex (cross-volume, AP286-legitimate)%
vol1	chapters/frame/preface.tex	5268	inscrib	\phantomsection\label{chap:theorem-A-modular-family}% alias: this chapter is the CONDITIONAL modular-family extension of thm:A-infinity-2 (scope re...
vol1	chapters/frame/preface.tex	5269	APn	\phantomsection\label{chap:chiral-higher-deligne}% alias: Vol II chapter chiral_higher_deligne.tex (cross-volume, AP286-legitimate)%
vol1	chapters/frame/preface.tex	5272	inscrib	% torsor content is inscribed as rem:chiral-qg-grt1-torsor in
vol1	chapters/frame/preface.tex	5279	APn	% retired 2026-04-18 attack-and-heal (AP255/AP286 resolution).
vol1	chapters/frame/preface.tex	5326	inscrib	inscribes the platonic ideal; Volume~I is the lens through which the
vol1	chapters/frame/preface_sections2_4_draft.tex	1291	Wave-N	any integer level $N$, per Wave 13 Kazhdan Cycle 2 retraction of the
vol1	chapters/frame/preface_sections2_4_draft.tex	1348	Wave-N	$(7/2, 5/2)$ (tempered; correcting the Wave~12 $(17/2, 1/2)$ which
vol1	chapters/frame/preface_sections2_4_draft.tex	1367	Wave-N	The Wave 12 "paramodular $K(1)$ level" attribution for $\Delta_5$
vol1	chapters/frame/preface_sections2_4_draft.tex	1372	WN	$\mathbb{Z}/2$-central extension. See anti-pattern AP-CY-W13-Kaz-3.
vol1	chapters/frame/preface_sections2_4_draft.tex	1378	Wave-N	\begin{remark}[Preface \S2-\S4 draft as Wave~13 warm-up]
vol1	chapters/frame/preface_sections2_4_draft.tex	1381	Wave-N	Wave~13 base point through the K3 $\{2,3,5,24\}$ spectrum and the
vol1	chapters/frame/preface_sections5_9_draft.tex	947	inscrib	of a thirteenth equivalence but is not inscribed as a proved
vol1	chapters/frame/programme_overview_platonic.tex	232	inscrib	pair of the reconstructed HT QFT. The functor is inscribed in
vol1	chapters/frame/programme_overview_platonic.tex	270	inscrib	$G/L/C/M/FF$. The theorem is inscribed in
vol1	chapters/frame/programme_overview_platonic.tex	346	inscrib	inscribes the screening-adjoint periodic filtration and the
vol1	chapters/frame/programme_overview_platonic.tex	418	inscrib	The previously-outstanding HEAL~$+$~UPGRADE theorems, inscribed
vol1	chapters/theory/algebraic_foundations.tex	697	Wave-N	\begin{remark}[Wave-14 reading: $\Theta_\cA$ as KZ pullback of
vol1	chapters/theory/algebraic_foundations.tex	2824	Wave-N	bialgebra duality, $E_1$-bar-cobar -- terminate at the Wave~13 K3
vol1	chapters/theory/algebraic_foundations.tex	2830	Wave-N	extension, to produce $\mathbf H_{\Delta_5}$ as the unique Wave~13
vol1	chapters/theory/all_tier_generating_function_platonic.tex	27	inscrib	% The same formula recovers the four inscribed Tiers and gives an explicit
vol1	chapters/theory/all_tier_generating_function_platonic.tex	102	inscrib	\item \textbf{Thm~\ref{thm:tier-5-closed-form}} inscribes the Tier-5
vol1	chapters/theory/all_tier_generating_function_platonic.tex	358	inscrib	The four explicitly inscribed Tiers of
vol1	chapters/theory/bar_cobar_adjunction_inversion.tex	6835	APn	duality (AP25/AP34 discipline). At $\cA = \mathcal{H}_{\mathrm{Muk}}$ the Mukai-Heisenberg
vol1	chapters/theory/bar_cobar_adjunction_inversion.tex	6862	Wave-N	The bar-cobar inversion map for the Wave~13 K3 chiral bialgebra,
vol1	chapters/theory/bar_cobar_adjunction_inversion.tex	6870	Wave-N	$w^{\mathrm{Wave13}} = -1$ exactly cancels the Mukai-doubling
vol1	chapters/theory/bar_cobar_adjunction_inversion.tex	6873	APn	(chiral bar-cobar inversion) and AP142.
vol1	chapters/theory/bar_cobar_adjunction_inversion.tex	6883	Wave-N	(no curvature non-triviality). Combined, the Wave~13 inversion
vol1	chapters/theory/bar_construction.tex	2689	Wave-N	The bar construction on the Wave~13 K3 chiral bialgebra takes the form
vol1	chapters/theory/bar_construction.tex	2699	Wave-N	piece $d_{\mathrm{Hall}}$ is what distinguishes Wave~13 from classical
vol1	chapters/theory/bar_construction.tex	2865	Wave-N	representatives of Wave~18. The $\hbar^3$ equation
vol1	chapters/theory/chern_weil_level_shift_platonic.tex	8	inscrib	% This chapter STRENGTHENS the convention paragraphs already inscribed at
vol1	chapters/theory/chern_weil_level_shift_platonic.tex	16	inscrib	% the present chapter inscribes the structural content behind that
vol1	chapters/theory/chern_weil_level_shift_platonic.tex	27	APn	% (AP113). Label prefixes match environment (AP125). r-matrix writes
vol1	chapters/theory/chern_weil_level_shift_platonic.tex	28	APn	% carry level prefix and k=0 check (AP126/AP141). No AI attribution
vol1	chapters/theory/chern_weil_level_shift_platonic.tex	132	APn	% AP126 check: r(z)|_{k=0} = 0. Match: Y.
vol1	chapters/theory/chern_weil_level_shift_platonic.tex	134	APn	% AP126 check: r(z)|_{k=0} = Omega_KZ / (h^v z), non-zero for non-abelian g.
vol1	chapters/theory/chern_weil_level_shift_platonic.tex	137	APn	%   not an AP126 violation. critical level: r(z)|_{k=-h^v} diverges.
vol1	chapters/theory/chern_weil_level_shift_platonic.tex	525	inscrib	The inscribed convention paragraph at
vol1	chapters/theory/chern_weil_level_shift_platonic.tex	610	inscrib	decorators are inscribed in
vol1	chapters/theory/chiral_center_theorem.tex	2345	APn	%: level prefix k present (AP126); k=0 -> r=0 verified
vol1	chapters/theory/chiral_climax_platonic.tex	1587	Wave-N	The climactic object of the chiral programme at the Wave~13 base point is
vol1	chapters/theory/chiral_climax_platonic.tex	1634	Wave-N	:= f_{16}$ in the Wave~13/14 notation (LMFDB label \texttt{16.1.a.a}).
vol1	chapters/theory/chiral_climax_platonic.tex	1728	Wave-N	Wave~13's platonic inscription placed the K3 chiral Koszul locus at
vol1	chapters/theory/chiral_climax_platonic.tex	1754	Wave-N	$\hbar^2 = -1/8$ root-of-unity specialisation (Wave~13 D.7).
vol1	chapters/theory/chiral_climax_platonic.tex	2067	Wave-N	Wave~17 established $S_{\psi_{\Delta_{10}}} = \mathbb{Z}/2$ (the
vol1	chapters/theory/chiral_climax_platonic.tex	2106	Wave-N	in Wave~17 (Vol~I
vol1	chapters/theory/chiral_climax_platonic.tex	2132	Wave-N	The Wave~13--17 inscriptions of this chapter locate the climactic
vol1	chapters/theory/chiral_climax_platonic.tex	2138	Wave-N	open through Wave~17 was a precise chain-level statement of the
vol1	chapters/theory/chiral_climax_platonic.tex	2171	Wave-N	Let $\mathbf{H}_{\Delta_5}$ be the Wave~13 K3 chiral bialgebra and
vol1	chapters/theory/chiral_climax_platonic.tex	2438	Wave-N	Wave~18 sharpens the scope of Theorem~B (chiral Positselski) on
vol1	chapters/theory/chiral_hochschild_koszul.tex	1358	APn	% HEAL 2026-04-17 (AP242): Inscribed lem:chiral-homotopy-transport
vol1	chapters/theory/chiral_hochschild_koszul.tex	1365	inscrib	% cited at lines 886--908. This new lemma inscribes their
vol1	chapters/theory/chiral_hochschild_koszul.tex	2159	AP-CY	%: AP-CY64. Three-way Hochschild confusion.
vol1	chapters/theory/chiral_hochschild_koszul.tex	2661	APn	factorization (Vol~II Parts~I--VII; cf.\ cross-volume AP5
vol1	chapters/theory/chiral_hochschild_koszul.tex	7941	Wave-N	Theorem~H applied to the Wave~13 K3 chiral bialgebra gives
vol1	chapters/theory/chiral_hochschild_koszul.tex	7957	Wave-N	The Wave~13 Hochschild differential decomposes as
vol1	chapters/theory/chiral_hochschild_koszul.tex	7959	Wave-N	d_{\mathrm{Hoch}}^{\mathrm{Wave13}} \;=\; d_{\mathrm{Hall,Hoch}} \;+\; d_{\mathrm{Sieg,Hoch}} \;+\; \hbar\, d_{\mathrm{assoc,Hoch}} \;+\; \hbar^2\,...
vol1	chapters/theory/chiral_hochschild_koszul.tex	7976	Wave-N	showing that $\mathbf H_{\Delta_5}$ is the \emph{unique} Wave~13 chiral
vol1	chapters/theory/chiral_hochschild_koszul.tex	7979	Wave-N	Lusztig value, which is why Wave~13 converges at $\hbar^2 = -1/8$.
vol1	chapters/theory/chiral_koszul_pairs.tex	2656	inscrib	the opers complex. A separately inscribed characterization,
vol1	chapters/theory/chiral_koszul_pairs.tex	7704	Wave-N	At $\cC = D^b\mathrm{Coh}(K3)$ and CY-dimension $d = 2$, the K3 chiral bialgebra of Vol~III Wave~13 presents as a chiral Koszul pair with abelian c...
vol1	chapters/theory/chiral_koszul_pairs.tex	7717	Wave-N	with $c_+ = 4$ from the positive signature of the rank-$24$ Mukai pairing on $\Lambda_{\mathrm{Muk}} = \mathrm{II}_{4,20}$. This is the Wave~13 $\m...
vol1	chapters/theory/chiral_koszul_pairs.tex	7725	Wave-N	The Wave~13 Koszul triple on the bi-based Ran-space
vol1	chapters/theory/chiral_koszul_pairs.tex	7738	Wave-N	At the Lusztig specialisation $\hbar^2 = -1/\ell = -1/8$ the Wave~13
vol1	chapters/theory/chiral_koszul_pairs.tex	7751	Wave-N	The Wave~13 Koszul complex on $(\mathrm{Ran}(E^{\mathrm{nod,sm}}_{24}),\bar{\mathcal A}_2)$
vol1	chapters/theory/climax_theorem.tex	7	inscrib	This chapter inscribes that unification at genus zero.
vol1	chapters/theory/clutching_uniqueness_platonic.tex	5	APn	% Platonic-ideal inscription of the AP225 uniqueness statement.
vol1	chapters/theory/clutching_uniqueness_platonic.tex	14	APn	% actually control. No bare kappa (AP113). All labels unique (AP124/125).
vol1	chapters/theory/clutching_uniqueness_platonic.tex	15	APn	% No AI slop (AP29).
vol1	chapters/theory/clutching_uniqueness_platonic.tex	1259	inscrib	inscribed in the programme constitution.
vol1	chapters/theory/cobar_construction.tex	3890	Wave-N	Wave~13 K3 chiral bialgebra, produces
vol1	chapters/theory/cobar_construction.tex	3902	Wave-N	is the Wave~13 incarnation of bar--cobar inversion (Theorem~A).
vol1	chapters/theory/cobar_construction.tex	3922	Wave-N	The closedness $d_\Omega^2 = 0$ is the Wave~13 Maurer--Cartan equation
vol1	chapters/theory/compact_completed_mc3_comparison_platonic.tex	472	APn	Falsification test \textup{(AP266-style, sharpened obstruction)}:
vol1	chapters/theory/compact_completed_mc3_comparison_platonic.tex	606	inscrib	inscribed; this chapter).
vol1	chapters/theory/compact_completed_mc3_comparison_platonic.tex	727	inscrib	adversarial campaign. The LOSSLESS resolution inscribed in
vol1	chapters/theory/computational_methods.tex	1752	Wave-N	The Wave~14 compute modules scaffolded for Volume~III each carry a
vol1	chapters/theory/computational_methods.tex	1753	Wave-N	Wave~13 DNA imprint at the algorithmic level:
vol1	chapters/theory/computational_methods.tex	1772	Wave-N	$\hbar^2 = -1/8$ is computationally verified across the Wave~14 modules:
vol1	chapters/theory/computational_methods.tex	1785	Wave-N	The Wave~14 Arthur parametrisation of $\Delta_{10}$ (the Saito--Kurokawa
vol1	chapters/theory/computational_methods.tex	1786	Wave-N	lift $\Delta_{10} = I_2(\Delta_{E_6})$, cf.\ the Wave~14 compute module
vol1	chapters/theory/computational_methods.tex	1803	Wave-N	$v_{\Delta_5}$, while at odd primes the parameter reduces to the Wave~14
vol1	chapters/theory/computational_methods.tex	1817	Wave-N	group $K(1) = \mathrm{Sp}_4(\Z)$ at level one (Wave~14 retracted the
vol1	chapters/theory/computational_methods.tex	1852	Wave-N	Wave~15 extension. Cross-ref Vol.~II
vol1	chapters/theory/configuration_spaces.tex	5379	Wave-N	eliminating any continuous deformation away from the Wave~13 base point.
vol1	chapters/theory/configuration_spaces.tex	5412	adjudicat	appear in the primary-literature record. The following theorem adjudicates
vol1	chapters/theory/configuration_spaces.tex	5452	adjudicat	The proof adjudicates the four candidates through their structural roles.
vol1	chapters/theory/configuration_spaces.tex	5546	adjudicat	weight, confirming the adjudication.
vol1	chapters/theory/configuration_spaces.tex	5876	Wave-N	level, which is the content of the Wave-21 inscription at
vol1	chapters/theory/conformal_anomaly_rigidity_platonic.tex	11	inscrib	% inscribes the rigidity statement at its honest scope: the coefficient
vol1	chapters/theory/derived_langlands.tex	1151	KAZHDAN-tag	% SECTION 5: THE KAZHDAN-LUSZTIG EQUIVALENCE FROM BAR-COBAR
vol1	chapters/theory/derived_langlands.tex	1771	Wave-N	The Wave~13 averaging morphism
vol1	chapters/theory/derived_langlands.tex	1773	Wave-N	realises, at the K3 base point, a Wave~13 DNA instance of the
vol1	chapters/theory/derived_langlands.tex	1858	Wave-N	The Wave~14--16 programme determined the global Arthur parameter
vol1	chapters/theory/derived_langlands.tex	1862	Wave-N	character $\varepsilon_2$ of conductor $2^3$. Wave~17 closes the packet
vol1	chapters/theory/derived_langlands.tex	1928	Wave-N	(as determined in Wave~14 and corrected in Wave~16). The archimedean
vol1	chapters/theory/derived_langlands.tex	1931	Wave-N	But $\Delta_5$ is NOT paramodular (Wave~14 retraction record, Synthesis~\S5.3) --- it is
vol1	chapters/theory/derived_langlands.tex	1952	Wave-N	$p = 2$ recorded in~Wave~16. The identity $\phi_{\Delta_5, \infty}^2 =
vol1	chapters/theory/derived_langlands.tex	1985	Wave-N	$p = 2$, Wave~16 resolved the local packet as
vol1	chapters/theory/derived_langlands.tex	2061	Wave-N	Wave~17 Remark~\ref{rem:dc-H-delta5-center}) quantifies
vol1	chapters/theory/derived_langlands.tex	2071	Wave-N	Wave~17 established the archimedean Langlands data for both
vol1	chapters/theory/derived_langlands.tex	2075	Wave-N	packet at size $|\Psi_{\Delta_{10}}| = 4$. Wave~18 upgrades the
vol1	chapters/theory/derived_langlands.tex	2088	Wave-N	Wave~17 Remark~\ref{rem:dl-global-packet-closure}
vol1	chapters/theory/derived_langlands.tex	2152	Wave-N	archimedean discrete-series packet size $4$ of Wave~17
vol1	chapters/theory/derived_langlands.tex	2156	Wave-N	the Wave~16 quadratic-character resolution gives a singleton twisted
vol1	chapters/theory/derived_langlands.tex	2212	Wave-N	$m(\pi_{\Delta_{10}}) = 1$ (Wave~17) is stable under the Hecke
vol1	chapters/theory/derived_langlands.tex	2247	Wave-N	The Wave~17 Vol~III
vol1	chapters/theory/derived_langlands.tex	2251	Wave-N	corresponding to the Wave~18 Maass-spin factor in $S_{\psi_{\Delta_5}}
vol1	chapters/theory/derived_langlands.tex	2253	Wave-N	$\mathrm{Rep}(\mathbf{H}_{\Delta_5})|_{\zeta_8}$ MTC (Wave~17) has
vol1	chapters/theory/derived_langlands.tex	2408	Wave-N	two-factor product $\varepsilon_\infty\cdot\varepsilon_2$. Wave~16
vol1	chapters/theory/derived_langlands.tex	2413	Wave-N	Kottwitz--Langlands recipe). Wave~18
vol1	chapters/theory/derived_langlands.tex	2512	Wave-N	for $\Delta_5$. Wave~19 closes the Kazhdan axis from the opposite
vol1	chapters/theory/derived_langlands.tex	2516	Wave-N	by the classical $r$-matrix obtained from the Wave~17 Drinfeld
vol1	chapters/theory/derived_langlands.tex	2536	Wave-N	of the paramodular quantum $R$-matrix, the \emph{Wave~19 classical
vol1	chapters/theory/derived_langlands.tex	2802	Wave-N	Fourier coefficients of $\Delta_{10} = \Phi_{10}$), so the Wave~18
vol1	chapters/theory/derived_langlands.tex	2803	Wave-N	Deligne-bound verification passes through to Wave~19. The global
vol1	chapters/theory/derived_langlands.tex	2811	Wave-N	class. Every Wave~18 Langlands sign pins to a Wave~19
vol1	chapters/theory/derived_langlands.tex	2819	Wave-N	The Wave~14--18 Langlands analysis at $\hbar^2 = -1/8$ and the
vol1	chapters/theory/derived_langlands.tex	2820	Wave-N	Wave~19 classical-limit analysis are the two endpoints of the unique
vol1	chapters/theory/derived_langlands.tex	3029	Wave-N	stable-base-change extension). The primes $p\le 79$ of the Wave~17
vol1	chapters/theory/derived_langlands.tex	3052	Wave-N	Wave~14--19 programme. A pseudo-character in the Chenevier sense is a
vol1	chapters/theory/derived_langlands.tex	3334	Wave-N	of by Wave~17, Remark~\ref{rem:dl-fricke-self-duality}).
vol1	chapters/theory/e1_modular_koszul.tex	1052	Pattern-n	\item \emph{Pattern 292 scope.} The averaging map is
vol1	chapters/theory/e1_modular_koszul.tex	1202	inscrib	degree~$3$: the ordered and symmetric conclusions are inscribed
vol1	chapters/theory/e1_modular_koszul.tex	1280	inscrib	inscribed as functorial in CY morphisms beyond the named
vol1	chapters/theory/e1_modular_koszul.tex	1287	inscrib	inscribed Vol~I 2-naturality plus the Vol~III object-level
vol1	chapters/theory/e1_modular_koszul.tex	1939	APn	% AP1: kappa(V_k(sl_2)) = dim(sl_2)(k+h^v)/(2h^v) = 3(k+2)/4.
vol1	chapters/theory/e1_modular_koszul.tex	1941	APn	% AP126: r-matrix has level prefix k.  k=0 -> r^{ell} = 0.
vol1	chapters/theory/e1_modular_koszul.tex	1942	APn	% AP27: bar propagator weight 1 (d log E is weight 1).
vol1	chapters/theory/e1_modular_koszul.tex	1943	APn	% AP118: period matrix is 1x1 (tau) at g=1; scalar.
vol1	chapters/theory/e1_modular_koszul.tex	2045	APn	% AP1: kappa(V_k(sl_2)) = 3(k+2)/4. From C3.
vol1	chapters/theory/e1_modular_koszul.tex	4040	APn	\mathrm{shuffle\text{-}mixed})$ correction of Vol~II (AP166) are the
vol1	chapters/theory/e1_modular_koszul.tex	4046	WN	\begin{remark}[W21.3 factorisation compatibility feeds chiral Kontsevich
vol1	chapters/theory/e1_modular_koszul.tex	4052	WN	is the W21.3 factorisation-compatibility input to the chiral
vol1	chapters/theory/e3_identification_chain_level_platonic.tex	168	Wave-N	\begin{remark}[Bridge to Wave-14 anchors]
vol1	chapters/theory/e3_identification_chain_level_platonic.tex	218	inscrib	inscribe a chain-level quasi-isomorphism
vol1	chapters/theory/e3_identification_chain_level_platonic.tex	1321	Wave-N	$\mathcal{D}_\hbar(\mathrm{CoHA}_{K3\times E})$ (Drinfeld Wave 13
vol1	chapters/theory/e3_identification_chain_level_platonic.tex	1417	WN	2020, \S 3). See anti-pattern AP-CY-W14-Kaz-1.
vol1	chapters/theory/e3_identification_chain_level_platonic.tex	1467	Wave-N	The Wave~13 $E_n$-ladder at CY-$2$ is witnessed at chain level by the
vol1	chapters/theory/e3_identification_chain_level_platonic.tex	1479	Wave-N	At the Wave~13 K3 base point, the chain-level $E_3$ identification
vol1	chapters/theory/e3_identification_chain_level_platonic.tex	1482	Wave-N	Shapere--Tachikawa 2008 \S 3; intermediate Wave-14 value $-312$
vol1	chapters/theory/en_koszul_duality.tex	11	Wave-N	operadic conflations, and route the reader to the Wave-14
vol1	chapters/theory/en_koszul_duality.tex	59	Wave-N	\item \emph{Wave-14, Climax Theorem and Koszul Reflection.}
vol1	chapters/theory/en_koszul_duality.tex	4396	WN	Monster orbifold (W13), parafermion cosets, and DS reduction
vol1	chapters/theory/en_koszul_duality.tex	4582	APn	% AP1: trace-form convention; k=0 -> r=0 verified
vol1	chapters/theory/en_koszul_duality.tex	6034	APn	% AP126/AP148: KZ convention r(z) = Omega/((k+h^v)z).
vol1	chapters/theory/en_koszul_duality.tex	8189	Wave-N	The Vol~III Wave~13 platonic chapter inscribes the K3 chiral bialgebra $\mathbf{H}_{\Delta_5}$ as a \emph{bi-based} factorisation datum: chiral bas...
vol1	chapters/theory/en_koszul_duality.tex	8202	Wave-N	The Wave~13 K3 chiral bialgebra sits in a four-rung $E_n$-ladder
vol1	chapters/theory/en_koszul_duality.tex	8208	Wave-N	$\mathrm{Ran}(E^{\mathrm{nod,sm}}_{24})$, the third the Wave 13
vol1	chapters/theory/en_koszul_duality.tex	8226	Wave-N	is the Wave~13 realisation of the factorisation-algebra locality axiom.
vol1	chapters/theory/en_koszul_duality.tex	8232	Wave-N	the Wave~13 $\mathsf{SC}^{\mathrm{ch,top}}$-shadow becomes a fully
vol1	chapters/theory/higher_genus_complementarity.tex	5117	inscrib	its proof is \emph{not} inscribed in Vol~I.
vol1	chapters/theory/higher_genus_foundations.tex	5543	APn	% PROPOSITION: Scalar obstruction as Hodge Euler class (AP225 resolution)
vol1	chapters/theory/higher_genus_foundations.tex	5797	APn	% AP130 fiber-base discipline: the fiberwise curvature
vol1	chapters/theory/higher_genus_foundations.tex	6362	APn	\begin{remark}[AP225 scope correction]
vol1	chapters/theory/higher_genus_foundations.tex	6365	APn	The status-table entry "AP225 resolved via
vol1	chapters/theory/higher_genus_foundations.tex	7810	inscrib	and the splitting-principle/Chern--Weil argument already inscribed in
vol1	chapters/theory/higher_genus_foundations.tex	8892	Wave-N	The higher-genus foundations assembled in this chapter meet the Wave~13
vol1	chapters/theory/higher_genus_modular_koszul.tex	216	Wave-N	\begin{remark}[Wave-14 anchors: universal conductor and Koszul reflection]
vol1	chapters/theory/higher_genus_modular_koszul.tex	3955	APn	for the Route~A / Route~B adjudication, and AP289
vol1	chapters/theory/higher_genus_modular_koszul.tex	3981	Wave-N	Vol~I $\leftrightarrow$ Vol~III bridge at the Wave-13 synthesis.
vol1	chapters/theory/higher_genus_modular_koszul.tex	17877	inscrib	whose shadow-depth computations are inscribed in
vol1	chapters/theory/higher_genus_modular_koszul.tex	17969	inscrib	inscribed, while the excluded frontier rows are listed explicitly in
vol1	chapters/theory/higher_genus_modular_koszul.tex	33970	APn	% AP1: kappa(V_k(sl_2)) = dim(sl_2)(k+h^v)/(2h^v)
vol1	chapters/theory/higher_genus_modular_koszul.tex	34136	inscrib	inscribed in Vol~I (Remark~\ref{rem:A-infinity-2-modular-family-scope}).
vol1	chapters/theory/higher_genus_modular_koszul.tex	34184	inscrib	inscribed) per Remark~\ref{rem:A-infinity-2-modular-family-scope}.
vol1	chapters/theory/higher_genus_modular_koszul.tex	34223	APn	% AP1: kappa(V_k(sl_2)) = 3(k+2)/4; k=0 -> 3/2;
vol1	chapters/theory/higher_genus_modular_koszul.tex	34257	APn	% AP1: kappa from landscape_census.tex, verified above.
vol1	chapters/theory/higher_genus_modular_koszul.tex	34680	APn	% AP1: kappa(V_k(sl_2)) = 3(k+2)/4 from landscape_census.tex;
vol1	chapters/theory/higher_genus_modular_koszul.tex	36873	Wave-N	Wave-14 ansatz
vol1	chapters/theory/higher_kummer_arithmetic_duality_platonic.tex	199	inscrib	through $S_{11}$ inscribed at
vol1	chapters/theory/higher_kummer_arithmetic_duality_platonic.tex	426	inscrib	avoidance is plausible but not yet inscribed as a theorem.
vol1	chapters/theory/hochschild_cohomology.tex	135	WN	BD chiralisation, W21.3 bi-unipotent factorisation compatibility,
vol1	chapters/theory/hochschild_cohomology.tex	136	WN	W21.1 Malcev ladder cocycle) assembled into one chain-level
vol1	chapters/theory/hochschild_cohomology.tex	2145	WN	(programme-cache entry: W18 draft quoted
vol1	chapters/theory/hochschild_cohomology.tex	3009	WN	Drinfeld current $h_3$ maps to the Polyakov W18 vertex expression:
vol1	chapters/theory/hochschild_cohomology.tex	3167	inscrib	refuses the shortcut and inscribes the full arrow
vol1	chapters/theory/hochschild_cohomology.tex	3171	WN	The W18 Polyakov spin-$3$ primary
vol1	chapters/theory/hochschild_cohomology.tex	3184	WN	Yangian-level W18 generator of Vol~III
vol1	chapters/theory/infinite_fingerprint_classification.tex	16	inscrib	Drinfeld--Sokolov reduction. This chapter inscribes the four
vol1	chapters/theory/infinite_fingerprint_classification.tex	430	inscrib	inscribed elsewhere in Vol~I.
vol1	chapters/theory/infinite_fingerprint_classification.tex	1288	Wave-N	The intermediate Wave-14 value $(c_{4d}, c_{2d}) = (26, -312)$ is
vol1	chapters/theory/introduction.tex	2698	inscrib	$\Phicy$; Volume~IV inscribes the HEAL and UPGRADE theorems with
vol1	chapters/theory/introduction.tex	2712	Wave-N	% Four phantomsection stubs retired 2026-04-18 (Wave-15) via consumer
vol1	chapters/theory/introduction.tex	2713	inscrib	% retarget to canonical inscribed labels:
vol1	chapters/theory/introduction.tex	2971	WN	not be conflated (anti-pattern W13-TOP-$1$ in the concordance).
vol1	chapters/theory/koszul_pair_structure.tex	2828	Wave-N	The Koszul-pair structure developed here closes its loop on the Wave~13
vol1	chapters/theory/koszul_pair_structure.tex	2846	Wave-N	bar--cobar inversion of Theorem~A at the Wave~13 base. See Vol.~III,
vol1	chapters/theory/koszulness_moduli_scheme.tex	341	inscrib	conditions at $\Phi_{\mathrm{KZ}}$, inscribed verbatim from
vol1	chapters/theory/koszulness_moduli_scheme.tex	1098	Wave-N	The Wave~13 Koszul-pair moduli at the K3 base point is the Pasol--Zagier
vol1	chapters/theory/koszulness_moduli_scheme.tex	1113	Wave-N	curves splitting as product of elliptic curves) hosts the Wave~13 bi-based
vol1	chapters/theory/koszulness_moduli_scheme.tex	1148	Wave-N	placement is robust under the Wave-15 retraction $c_{2d}: -312\to-214$
vol1	chapters/theory/koszulness_moduli_scheme.tex	1186	Wave-N	Wave-14 value $c_{2d} = -312$ is retracted per Vol~I
vol1	chapters/theory/koszulness_moduli_scheme.tex	1198	Wave-N	The Wave~14 triple-face identity
vol1	chapters/theory/koszulness_vii_multiweight_platonic.tex	7	inscrib	% Inscribed by Raeez Lorgat, 2026-04-16.
vol1	chapters/theory/koszulness_vii_multiweight_platonic.tex	59	inscrib	characteristic $\kappa_{\mathrm{sh},2}(\cA)$ inscribed in
vol1	chapters/theory/koszulness_vii_multiweight_platonic.tex	320	inscrib	proof is inscribed there. The theorem is named here to provide a
vol1	chapters/theory/koszulness_vii_multiweight_platonic.tex	472	inscrib	$\delta F_g^{\mathrm{cross}}(\cA)$ that is already inscribed in the
vol1	chapters/theory/koszulness_vii_multiweight_platonic.tex	495	inscrib	The ProvedHere claims of this chapter are inscribed with the following
vol1	chapters/theory/mc3_five_family_platonic.tex	8	inscrib	%% factorization category is conjectural and separately inscribed.
vol1	chapters/theory/mc3_five_family_platonic.tex	165	inscrib	inscribed as the separate
vol1	chapters/theory/mc5_class_m_chain_level_platonic.tex	2640	WN	(Theorem-B scope, W18 Beilinson tightening; ledger item II.E). The
vol1	chapters/theory/mc5_class_m_chain_level_platonic.tex	3145	WN	\emph{Path (ii): W21.3 BD factorisation compatibility.}
vol1	chapters/theory/mc5_class_m_chain_level_platonic.tex	3147	inscrib	Chapter~\ref{chap:e1-modular-koszul} (inscribed at
vol1	chapters/theory/mc5_class_m_chain_level_platonic.tex	3388	inscrib	$\bigcup_n H_n$ with a class already inscribed in the chapter's
vol1	chapters/theory/mc5_class_m_chain_level_platonic.tex	3633	WN	chiralisation; W21.3 bi-unipotent factorisation compatibility;
vol1	chapters/theory/mc5_class_m_chain_level_platonic.tex	3634	WN	W21.1 bi-unipotent Malcev ladder cocycle)---assemble into one
vol1	chapters/theory/mc5_class_m_chain_level_platonic.tex	3656	WN	$n$-th rung of the W21.1 bi-unipotent Malcev ladder of
vol1	chapters/theory/mc5_class_m_chain_level_platonic.tex	3685	WN	\item \emph{BD factorisation compatibility (W21.3).} Theorem
vol1	chapters/theory/mc5_class_m_chain_level_platonic.tex	3695	WN	\item \emph{Bruinier Chern class / Malcev cocycle match (W21.1).} The
vol1	chapters/theory/mc5_class_m_chain_level_platonic.tex	3761	WN	loop $\text{(W21.1 Malcev ladder)}\to\text{(W21.3 BD factorisation)}
vol1	chapters/theory/mc5_genus0_genus1_wall_platonic.tex	7	inscrib	% Purpose: inscribe the 5-point sewing theorem of MC5 as the first
vol1	chapters/theory/mc5_genus0_genus1_wall_platonic.tex	18	APn	% (AP47 qualifier preserved); full-category extension is Conjectured.
vol1	chapters/theory/mc5_genus0_genus1_wall_platonic.tex	62	inscrib	This chapter inscribes the 5-point sewing theorem in its Platonic form.
vol1	chapters/theory/motivic_shadow_tower.tex	3	inscrib	%% Inscribes the motivic lift of the Vol I shadow tower:
vol1	chapters/theory/motivic_shadow_tower.tex	9	APn	%% shadow L-function pole structure (AP70) and kappa-vs-beta split
vol1	chapters/theory/motivic_shadow_tower.tex	10	APn	%% (AP71) are both explained by motivic weight data.
vol1	chapters/theory/motivic_shadow_tower.tex	16	APn	%% AAP V2-AP39 / FM36: all macros \providecommand-guarded.
vol1	chapters/theory/motivic_shadow_tower.tex	65	inscrib	CLAUDE.md; inscribed 2026-04-16.} promoted the seven historical
vol1	chapters/theory/motivic_shadow_tower.tex	90	inscrib	coaction. Section~\ref{sec:mot-lift-thm} inscribes
vol1	chapters/theory/motivic_shadow_tower.tex	614	inscrib	uniformly in $r$. We inscribe the unconditional statement.
vol1	chapters/theory/motivic_shadow_tower.tex	1206	Wave-N	parameter $\hbar^2 = -1/8$ (Etingof Wave~13 C6; compute module
vol1	chapters/theory/motivic_shadow_tower.tex	1247	Wave-N	pentagon coboundary is a Nekrasov-voice Wave~14 register;
vol1	chapters/theory/motivic_shadow_tower.tex	1257	Wave-N	The Wave~13 motivic shadow-tower factorisation reads the Andrianov
vol1	chapters/theory/motivic_shadow_tower.tex	1274	Wave-N	The Wave~13 motivic shadow of $\Delta_5 = \Phi_{10}/\eta^{24}$ is the
vol1	chapters/theory/motivic_shadow_tower.tex	1443	APn	with a Virasoro central charge is AP162. (iii) The Beem--Rastelli
vol1	chapters/theory/nilpotent_completion.tex	1327	Wave-N	The Wave~13 Siegel-elliptic dynamical $R$-matrix
vol1	chapters/theory/nilpotent_completion.tex	1360	Wave-N	The Wave~14 pentagon identity for the twisted Siegel--Borcherds
vol1	chapters/theory/nilpotent_completion.tex	1375	Wave-N	Wave~15 extends the obstruction tower to $\hbar^4,\hbar^5$:
vol1	chapters/theory/nilpotent_completion.tex	1399	Wave-N	The Wave~15 conclusion is structural.  For BKM-flavoured inputs
vol1	chapters/theory/nilpotent_completion.tex	1737	inscrib	weight~$12$, and inscribes the \emph{first depth-$4$ associator datum}
vol1	chapters/theory/nilpotent_completion.tex	2001	adjudicat	weight~$12$ (item~(III).A of the Wave-$19$ adjudication ledger).
vol1	chapters/theory/ordered_associative_chiral_kd.tex	9067	APn	% AP126: r-matrix with level prefix Psi; Psi=0 -> r=0. Verified.
vol1	chapters/theory/ordered_associative_chiral_kd.tex	9243	APn	% AP126: r-matrix with level prefix Psi; Psi=0 -> r=0. Verified.
vol1	chapters/theory/ordered_associative_chiral_kd.tex	10254	inscrib	is inscribed in
vol1	chapters/theory/ordered_associative_chiral_kd.tex	10257	inscrib	inscribed in this volume; the pattern is a frontier item.
vol1	chapters/theory/ordered_associative_chiral_kd.tex	10378	APn	% AP126: level prefix Psi mandatory; Psi=0 -> R = uI_4 (trivial). Verified.
vol1	chapters/theory/ordered_associative_chiral_kd.tex	10400	APn	% AP126: Psi=0 -> r=0. Verified.
vol1	chapters/theory/ordered_associative_chiral_kd.tex	10847	APn	% AP126: level prefix Psi mandatory; Psi=0 -> R = uI (trivial). Verified.
vol1	chapters/theory/ordered_associative_chiral_kd.tex	10857	APn	% AP126: Psi=0 -> r=0. Verified.
vol1	chapters/theory/ordered_associative_chiral_kd.tex	11050	APn	% AP126: level prefix Psi; Psi=0 -> R = u I (trivial). Verified.
vol1	chapters/theory/ordered_associative_chiral_kd.tex	11803	APn	% FOUR OBJECTS (AP25/AP34/AP50):
vol1	chapters/theory/ordered_associative_chiral_kd.tex	12422	inscrib	be the CY-to-chiral functor of Part~\ref{part:v1-frontier} (inscribed
vol1	chapters/theory/ordered_associative_chiral_kd.tex	12749	inscrib	$1994$\textup{)}, and is inscribed at standalone scope only
vol1	chapters/theory/ordered_associative_chiral_kd.tex	12824	inscrib	is inscribed as a theorem body in Vol~I; the scope here is
vol1	chapters/theory/poincare_duality.tex	853	Wave-N	The Mukai pairing on $\Lambda_{\mathrm{Muk}} = II_{4,20}$ is the Wave~13
vol1	chapters/theory/poincare_duality.tex	858	Wave-N	fibres on $E^{\mathrm{nod,sm}}_{24}$ in the Wave~13 bi-based Ran pair.
vol1	chapters/theory/poincare_duality.tex	866	Wave-N	The Wave~13 Poincar\'e duality at K3 has three faces:
vol1	chapters/theory/poincare_duality.tex	880	Wave-N	Remark~\ref{rem:pd-2} refines as follows under Wave~15. On the
vol1	chapters/theory/poincare_duality.tex	904	Wave-N	Wave~15 (Theorem~\ref{thm:w15-chevalley-bkm-generators}) is the
vol1	chapters/theory/poincare_duality_quantum.tex	1302	Wave-N	is the Wave~13 quantum-Poincar\'e-duality pairing on $\mathbf H_{\Delta_5}$.
vol1	chapters/theory/poincare_duality_quantum.tex	1314	Wave-N	is Wave~13's refinement of derived-centre complementarity
vol1	chapters/theory/poincare_duality_quantum.tex	1333	Wave-N	first-principles $-214$, not the withdrawn Wave-14 value $-312$.
vol1	chapters/theory/quantum_corrections.tex	1474	Wave-N	The Wave~13 quantum correction at the pentagon level has explicit form
vol1	chapters/theory/quantum_corrections.tex	1489	Wave-N	independent of $c_{2d}$, so the Wave-15 retraction
vol1	chapters/theory/quantum_corrections.tex	1498	Wave-N	The Wave~13 quantum correction attaches the $\widetilde M_{24}$ Schur
vol1	chapters/theory/shadow_L_function_platonic.tex	4	APn	%% Vol I CLAUDE.md AP70 records the observation that the naive
vol1	chapters/theory/shadow_L_function_platonic.tex	11	APn	%% (closes AP70 via motivic_shadow_tower.tex cor:shadow-L-pole),
vol1	chapters/theory/shadow_L_function_platonic.tex	22	APn	%% AAP V2-AP39 / FM36: all macros \providecommand-guarded.
vol1	chapters/theory/shadow_L_function_platonic.tex	67	inscrib	scoping; this chapter inscribes the theorem that hides inside the
vol1	chapters/theory/shadow_L_function_platonic.tex	101	inscrib	Section~\ref{sec:shL-continuation} inscribes the analytic
vol1	chapters/theory/shadow_L_function_platonic.tex	576	inscrib	the failure, inscribed as a precise theorem.
vol1	chapters/theory/shadow_tower_higher_coefficients.tex	17	APn	%% AP5 cross-volume sweep: Vol III m_8 = 4144720/19683 is verified as
vol1	chapters/theory/shadow_tower_higher_coefficients.tex	20	APn	%% V2-AP39 / FM36: all macros \providecommand-guarded.
vol1	chapters/theory/shadow_tower_higher_coefficients.tex	59	inscrib	The chapter inscribes explicit closed forms for $S_6, S_7, S_8$ and
vol1	chapters/theory/shadow_tower_higher_coefficients.tex	66	inscrib	all higher $S_r$. Section~\ref{sec:sth-s6-s7-s8} inscribes the three
vol1	chapters/theory/shadow_tower_higher_coefficients.tex	2178	inscrib	invariant, inscribed via this chapter's iter~58--60 cascade.
vol1	chapters/theory/shadow_tower_higher_coefficients.tex	2297	APn	$\kappa + \kappa^! = 13$ at self-dual $c = 13$, AP234/HZ-7). The statement ``$c \mapsto 4 - c$ at
vol1	chapters/theory/shadow_tower_higher_coefficients.tex	2426	inscrib	present section inscribes the first half of the duality: the shadow
vol1	chapters/theory/shadow_tower_higher_coefficients.tex	2431	inscrib	$Z_g$ leading coefficients via $B_{2g-2}$ -- is inscribed at
vol1	chapters/theory/shadow_tower_higher_coefficients.tex	2964	inscrib	The all-$r$ Virasoro motivic rationality inscribed at
vol1	chapters/theory/shadow_tower_higher_coefficients.tex	3243	inscrib	\ref{cor:tier-3-characteristic-primes} are inscribed here (unique
vol1	chapters/theory/shadow_tower_other_class_M_platonic.tex	821	inscrib	(Vol~I Beilinson audit, \S Open Frontiers). This section inscribes the
vol1	chapters/theory/shadow_tower_other_class_M_platonic.tex	926	inscrib	and reproduces the values already inscribed in
vol1	chapters/theory/shadow_tower_other_class_M_platonic.tex	941	inscrib	amplitude bound is OPEN; the Cartan-line shadow data inscribed above
vol1	chapters/theory/shadow_tower_quadrichotomy_platonic.tex	18	APn	%   shadow_L_function_platonic.tex                (AP70 healed)
vol1	chapters/theory/shadow_tower_quadrichotomy_platonic.tex	21	APn	%   clutching_uniqueness_platonic.tex             (AP225)
vol1	chapters/theory/shadow_tower_quadrichotomy_platonic.tex	32	APn	% S_4 large-c asymptotic, AP1 on never writing kappa from memory
vol1	chapters/theory/shadow_tower_quadrichotomy_platonic.tex	1296	Wave-N	meets at the Wave~13 K3 base point through the class-$\mathcal M$ Virasoro face,
vol1	chapters/theory/shadow_tower_quadrichotomy_platonic.tex	1307	Wave-N	The Wave~13 fourth taxon $\mathbf H_{\Delta_5}$ is the unified apex of the
vol1	chapters/theory/shadow_tower_quadrichotomy_platonic.tex	1314	Wave-N	coefficients encode the $A_\infty$ coproduct corrections (Wave~13 S5)
vol1	chapters/theory/shadow_tower_quadrichotomy_platonic.tex	1346	Wave-N	Wave~16 derives $c_{2d} = -214$ from first principles through the
vol1	chapters/theory/shadow_tower_quadrichotomy_platonic.tex	2057	Wave-N	(Wave~17 Rem.~\ref{rem:cclimax-satake-casimir-ii}), and the
vol1	chapters/theory/shadow_tower_quadrichotomy_platonic.tex	2134	Wave-N	($|a_{37}|/(2\cdot 37^{15/2}) = 0.895$; Wave~15 Prop.~\ref{prop:cclimax-SK-spinor}
vol1	chapters/theory/shadow_tower_sub_subleading_platonic.tex	28	APn	%% AP5 cross-volume sweep: the closed form Gamma_r/A_r is stated
vol1	chapters/theory/shadow_tower_sub_subleading_platonic.tex	33	APn	%% V2-AP39 / FM36: all macros \providecommand-guarded.
vol1	chapters/theory/theorem_A_infinity_2.tex	3	inscrib	% This chapter inscribes Theorem~A as ONE theorem: the Koszul reflection
vol1	chapters/theory/theorem_A_infinity_2.tex	906	inscrib	% inscribed in Vol I. The extension is load-bearing for downstream theorems
vol1	chapters/theory/theorem_A_infinity_2.tex	945	inscrib	two additional ingredients that are cited but not inscribed at chain
vol1	chapters/theory/theorem_A_infinity_2.tex	963	inscrib	for the bar/cobar pair is not independently inscribed in Vol~I).
vol1	chapters/theory/theorem_A_infinity_2.tex	965	inscrib	Neither is inscribed as a theorem in Vol~I; both are invoked only at
vol1	chapters/theory/theorem_A_infinity_2.tex	1016	inscrib	Remark~\ref{rem:log-fm-fixed-vs-relative}). Mok's inscribed machinery
vol1	chapters/theory/theorem_A_infinity_2.tex	1025	inscrib	universal stable curve. What Mok25 does \emph{not} inscribe is the
vol1	chapters/theory/theorem_A_infinity_2.tex	1069	inscrib	inscribed, transport a factorization sheaf $\mathcal{F}$ through the
vol1	chapters/theory/theorem_A_infinity_2.tex	1073	inscrib	\cite[Ch.~3]{BD04}, not inscribed at chain level in Vol~I.
vol1	chapters/theory/theorem_A_infinity_2.tex	1090	inscrib	is inscribed for a FIXED pointed curve $(X,D)$
vol1	chapters/theory/theorem_A_infinity_2.tex	1120	APn	\emph{AP1241 single-preprint-pillar registration.} Both
vol1	chapters/theory/theorem_A_infinity_2.tex	1347	inscrib	The following theorems, already inscribed across the three volumes,
vol1	chapters/theory/theorem_A_infinity_2.tex	1464	inscrib	parallel-inscribed chapters:
vol1	chapters/theory/theorem_A_infinity_2.tex	1551	inscrib	is inscribed.
vol1	chapters/theory/theorem_A_infinity_2.tex	1735	Wave-N	conjecture in the manuscript already (per Wave~13 Strengthening~5).
vol1	chapters/theory/theorem_A_infinity_2.tex	1889	Wave-N	The $A_\infty$-Theorem~2 specialises at the Wave~13 K3 base to an
vol1	chapters/theory/theorem_B_scope_platonic.tex	977	Wave-N	Theorem~B (chiral Positselski) at the Wave~13 K3 base point sharpens
vol1	chapters/theory/theorem_B_scope_platonic.tex	983	Wave-N	here via the Wave~13 averaging morphism
vol1	chapters/theory/theorem_B_scope_platonic.tex	995	Wave-N	root-of-unity order $\ell = 8$). The Wave~13 DNA identifies the scope
vol1	chapters/theory/theorem_B_scope_platonic.tex	1128	Wave-N	stratification? This Wave~18 DNA section answers the question and
vol1	chapters/theory/theorem_B_scope_platonic.tex	1178	Wave-N	established at Wave~14 in
vol1	chapters/theory/theorem_B_scope_platonic.tex	1275	Wave-N	contraction count). Theorem~B's scope update at Wave~18 is the
vol1	chapters/theory/theorem_B_scope_platonic.tex	1284	Wave-N	Thus Wave~17 and Wave~18 are inseparable: the Costello coefficient
vol1	chapters/theory/theorem_C_refinements_platonic.tex	5	Wave-N	% in the 2026-04-16 status narrative. Adversarial audit (Wave 1,
vol1	chapters/theory/theorem_C_refinements_platonic.tex	7	inscrib	% T7, T8 correspond to inscribed content in the body chapters; T1,
vol1	chapters/theory/theorem_C_refinements_platonic.tex	23	inscrib	%   already inscribed inside thm:quantum-complementarity-main; there
vol1	chapters/theory/theorem_C_refinements_platonic.tex	28	inscrib	% - T9 (PTVV alternative for C1): inscribed with HONEST mixed status.
vol1	chapters/theory/theorem_C_refinements_platonic.tex	30	inscrib	%   side is genuinely independent of the inscribed bar-side eigenspace
vol1	chapters/theory/theorem_C_refinements_platonic.tex	40	Wave-N	% Attack findings cross-links: the Wave-1 attack-heal note at
vol1	chapters/theory/theorem_C_refinements_platonic.tex	54	inscrib	Theorem~C\textup{,} in the form inscribed at
vol1	chapters/theory/theorem_C_refinements_platonic.tex	75	inscrib	genuinely independent of the inscribed eigenspace decomposition at
vol1	chapters/theory/theorem_C_refinements_platonic.tex	319	inscrib	infinite-dimensional. The upgrade uses two inscribed inputs. First,
vol1	chapters/theory/theorem_C_refinements_platonic.tex	395	inscrib	family-by-family on $\overline{\mathcal{M}}_g$ is not inscribed
vol1	chapters/theory/theorem_C_refinements_platonic.tex	435	inscrib	as inscribed in
vol1	chapters/theory/theorem_C_refinements_platonic.tex	463	inscrib	inscribed bar-side eigenspace decomposition. The identification of
vol1	chapters/theory/theorem_C_refinements_platonic.tex	531	inscrib	inscribed Theorem~C.
vol1	chapters/theory/theorem_C_refinements_platonic.tex	562	inscrib	the inscribed
vol1	chapters/theory/theorem_C_refinements_platonic.tex	567	inscrib	of~(iii) that does not forward to the inscribed eigenspace
vol1	chapters/theory/theorem_C_refinements_platonic.tex	581	inscrib	%   the Verdier-pairing degree read off from the inscribed
vol1	chapters/theory/theorem_C_refinements_platonic.tex	592	inscrib	%   against the inscribed definition of C_g(A) = R Gamma(M-bar_g, Z(A)) yields
vol1	chapters/theory/theorem_C_refinements_platonic.tex	636	inscrib	\textup{(T5)} Consistent with the inscribed
vol1	chapters/theory/theorem_C_refinements_platonic.tex	646	inscrib	\textup{(T9)} Inscribed as
vol1	chapters/theory/theorem_h_off_koszul_platonic.tex	16	inscrib	% The reconstitution upgrades (a), inscribes (b) and (c) as explicit
vol1	chapters/theory/theorem_h_off_koszul_platonic.tex	699	inscrib	The inscribed theorems of this chapter are each accompanied by an
vol1	chapters/theory/three_hochschild_unification_platonic.tex	11	AP-CY	%: AP-CY64 PLATONIC HEAL. Three-way Hochschild: ChirHoch / HH_mode / H*_GF.
vol1	chapters/theory/topologization_chain_level_platonic.tex	7	inscrib	% This chapter inscribes the platonic ideal of the chain-level
vol1	chapters/theory/universal_conductor_K_platonic.tex	547	inscrib	analogue of the universal conductor theorem is inscribed.
vol1	chapters/theory/universal_conductor_K_platonic.tex	577	inscrib	inscribed for the elliptic/KZB or toroidal regimes.
vol1	chapters/theory/virasoro_motivic_purity.tex	3	inscrib	%% Inscribes the theorem that every Virasoro shadow-tower coefficient
vol1	chapters/theory/virasoro_motivic_purity.tex	24	APn	%% AAP V2-AP39 / FM36: macros are \providecommand-guarded.
vol1	chapters/theory/virasoro_motivic_purity.tex	25	APn	%% AP113: no bare kappa. The central-charge-level shadow invariant is
vol1	chapters/theory/virasoro_motivic_purity.tex	110	inscrib	algebraicity. Section~\ref{sec:vmp-main} inscribes the purity
vol1	chapters/theory/virasoro_motivic_purity.tex	113	inscrib	inscribes the Riccati-transport preservation of rationality as a
vol1	chapters/theory/virasoro_motivic_purity_all_r_platonic.tex	32	APn	%% AAP V2-AP39 / FM36: macros \providecommand-guarded.
vol1	chapters/theory/virasoro_motivic_purity_all_r_platonic.tex	33	APn	%% AP113: no bare kappa. kappa_{ch}(Vir_c) = c/2 used throughout for
vol1	chapters/theory/virasoro_motivic_purity_all_r_platonic.tex	35	AP-CY	%% AP-CY65/66/67: spectral parameters enter in End^ch_A, not in shadow
vol1	chapters/theory/virasoro_motivic_purity_all_r_platonic.tex	60	inscrib	The companion chapter (\ref{ch:virasoro-motivic-purity}) inscribed
vol1	chapters/theory/virasoro_motivic_purity_all_r_platonic.tex	616	inscrib	Each of the three paths has been inscribed:
vol1	chapters/theory/z_g_kummer_bernoulli_platonic.tex	560	inscrib	witnesses $\{691, 3617, \ldots\}$. The present section inscribes the
vol1	chapters/theory/z_g_kummer_bernoulli_platonic.tex	703	inscrib	Riccati propagation structure but has not been inscribed in full
vol1	appendices/q_convention_bridge_appendix.tex	2	Wave-N	% Wave-14 reconstitution: q-convention bridge as cross-volume appendix.
vol1	appendices/q_convention_bridge_appendix.tex	11	APn	% Standards: HZ-1 r-matrix discipline; AP151 hbar bridge identity; FM24 B-cycle
vol1	appendices/q_convention_bridge_appendix.tex	12	APn	% monodromy; HZ-5 label uniqueness across three volumes; AP176 "arity" forbidden
vol1	appendices/q_convention_bridge_appendix.tex	582	inscrib	inscribed at \S\ref{sec:q-bridge-protocol}.
vol2	chapters/connections/3d_gravity.tex	11079	inscrib	The latter order is what Vol~III inscribes; the former realises the
vol2	chapters/connections/anomaly_completed_topological_holography.tex	3164	inscrib	(not $-312$). The precise first-principles derivation is inscribed
vol2	chapters/connections/bv_brst.tex	924	inscrib	theorem inscribed in Volume~I, chapter on higher-genus
vol2	chapters/connections/bv_brst.tex	3202	inscrib	the K3 synthesis inscribed the pentagon $\hbar^3$-cocycle
vol2	chapters/connections/conclusion.tex	2159	inscrib	bialgebra $\mathbf H_{\Delta_5}$ inscribed in Vol~III), the
vol2	chapters/connections/dg_shifted_factorization_bridge.tex	2413	APn	\begin{remark}[Two-$\hbar$ bridge: Drinfeld $\hbar$ vs BV $\hbar$ at $\hbar^2 = -1/8$ (AP151 closure)]
vol2	chapters/connections/e_infinity_topologization.tex	355	inscrib	Costello--Gaiotto bulk BV structure is not yet inscribed in this
vol2	chapters/connections/e_infinity_topologization.tex	399	inscrib	computation not inscribed in the present volume.
vol2	chapters/connections/e_infinity_topologization.tex	1237	inscrib	The $\Einfty$-topologization theorem of this chapter inscribes the
vol2	chapters/connections/e_infinity_topologization.tex	1252	inscrib	Three-dimensional gravity with Virasoro boundary, as inscribed in
vol2	chapters/connections/e_infinity_topologization.tex	1290	inscrib	The physical $3$d quantum gravity that has been inscribed in the
vol2	chapters/connections/fractional_ghost_chain_level_platonic.tex	612	inscrib	inscribed above closes the fractional-ghost reconstitution by construction; the closure feeds the
vol2	chapters/connections/fractional_ghost_chain_level_platonic.tex	649	inscrib	This remark is inscribed solely as the wave-14 anchor; the the fractional-ghost reconstitution
vol2	chapters/connections/hochschild.tex	593	inscrib	review for the same content inscribed upstream).
vol2	chapters/connections/hochschild.tex	636	inscrib	(Theorem~H proper, Volume~I~Theorem~H, which is now inscribed on the ordered
vol2	chapters/connections/hochschild.tex	2942	inscrib	(inscribed upstream as
vol2	chapters/connections/ht_bulk_boundary_line.tex	3190	inscrib	torsion. Vol~I inscribes the chain-level banding cocycle
vol2	chapters/connections/ht_bulk_boundary_line.tex	3307	inscrib	The three-loop obstruction $c_3 = 176256\cdot[H_3]$ inscribed in
vol2	chapters/connections/ht_bulk_boundary_line.tex	3430	inscrib	amplitude calculation are inscribed in the Vol~I
vol2	chapters/connections/log_ht_monodromy.tex	37	APn	% Standalone artifacts (\title, \author, \date, \begin{abstract}, \tableofcontents) removed per V2-AP32.
vol2	chapters/connections/log_ht_monodromy.tex	1362	inscrib	genus-$2$ face of the logarithmic-HT spine inscribed here, and it is
vol2	chapters/connections/modular_pva_quantization.tex	3	APn	% Standalone artifacts (\begin{abstract}, \tableofcontents) removed per V2-AP32.
vol2	chapters/connections/modular_pva_quantization_core.tex	2727	inscrib	content. This remark is inscribed solely as the anchor; the modular
vol2	chapters/connections/monster_chain_level_e3_top_platonic.tex	21	inscrib	was previously inscribed as a conjecture. The present chapter
vol2	chapters/connections/part_vi_platonic_introduction.tex	33	inscrib	%       chapters where each closure is inscribed).
vol2	chapters/connections/part_vi_platonic_introduction.tex	89	inscrib	$\Einfty$-topological endpoint is inscribed as the final section
vol2	chapters/connections/part_vi_platonic_introduction.tex	145	inscrib	Theorem\,\ref{thm:e-infinity-topologization-ladder}, inscribed in
vol2	chapters/connections/part_vi_platonic_introduction.tex	179	inscrib	$6.8$ is the $\Einfty$-topological endpoint inscribed in
vol2	chapters/connections/part_vi_platonic_introduction.tex	242	inscrib	theorems.  Each is proved in an inscribed chapter; the proofs are
vol2	chapters/connections/part_vi_platonic_introduction.tex	253	inscrib	inscribed in Theorem~\ref{thm:E3-topological-km} \textup{(}via Sugawara
vol2	chapters/connections/part_vi_platonic_introduction.tex	441	inscrib	independently inscribed. No circular dependency arises because the
vol2	chapters/connections/part_vi_platonic_introduction.tex	493	inscrib	inscribed theorems across Part~VI and its cross-volume anchors.  The
vol2	chapters/connections/part_vi_platonic_introduction.tex	576	inscrib	Each of the nine FM closures inscribed in
vol2	chapters/connections/programme_climax_platonic.tex	53	inscrib	inscribes the boundary Virasoro chiral algebra, its derived
vol2	chapters/connections/programme_climax_platonic.tex	666	inscrib	which is inscribed and unconditional); the gauge-theoretic pillar is
vol2	chapters/connections/programme_climax_platonic.tex	730	inscrib	all orders in $1/c$, which is not inscribed in the present
vol2	chapters/connections/soft_graviton_mellin_shadow_bridge_platonic.tex	799	inscrib	weight; a future pass inscribing $r = 9, 10, 11, \ldots$ is purely
vol2	chapters/connections/thqg_gravitational_s_duality.tex	1686	inscrib	complementarity theorem inscribed in Volume~I (chapter on higher-genus
vol2	chapters/connections/thqg_holographic_reconstruction.tex	3478	APn	\emph{Multi-path verification} (AP10):
vol2	chapters/connections/thqg_holographic_reconstruction.tex	3586	APn	\emph{Multi-path verification} (AP10):
vol2	chapters/connections/thqg_holographic_reconstruction.tex	3699	APn	\emph{Multi-path verification} (AP10):
vol2	chapters/connections/thqg_holographic_reconstruction.tex	3764	APn	\emph{Multi-path verification} (AP10):
vol2	chapters/connections/thqg_holographic_reconstruction.tex	3846	APn	\emph{Multi-path verification} (AP10):
vol2	chapters/connections/thqg_modular_bootstrap.tex	2997	APn	\S\ref{sec:thqg-hochschild-stratification}; AP160 discipline).
vol2	chapters/connections/thqg_modular_bootstrap.tex	3068	APn	\emph{Multi-path verification} (AP10):
vol2	chapters/connections/thqg_modular_bootstrap.tex	3205	inscrib	boundary $\Sigma_2$, as inscribed below.
vol2	chapters/connections/thqg_modular_bootstrap.tex	3244	APn	\emph{Multi-path verification} (AP10):
vol2	chapters/connections/thqg_modular_bootstrap.tex	3310	APn	\emph{Multi-path verification} (AP10):
vol2	chapters/connections/thqg_modular_bootstrap.tex	3371	APn	\emph{Multi-path verification} (AP10):
vol2	chapters/connections/thqg_modular_bootstrap.tex	3469	APn	\emph{Multi-path verification} (AP10):
vol2	chapters/connections/thqg_modular_bootstrap.tex	3525	APn	\emph{Multi-path verification} (AP10):
vol2	chapters/connections/thqg_modular_bootstrap.tex	3616	APn	\emph{Multi-path verification} (AP10):
vol2	chapters/connections/thqg_modular_bootstrap.tex	3833	APn	\emph{Multi-path verification} (AP10):
vol2	chapters/connections/thqg_modular_bootstrap.tex	3889	APn	\emph{Multi-path verification} (AP10):
vol2	chapters/connections/thqg_modular_bootstrap.tex	3948	APn	\emph{Multi-path verification} (AP10):
vol2	chapters/connections/thqg_modular_bootstrap.tex	4001	APn	\emph{Multi-path verification} (AP10):
vol2	chapters/connections/thqg_modular_bootstrap.tex	4049	APn	\emph{Multi-path verification} (AP10):
vol2	chapters/connections/thqg_modular_bootstrap.tex	4129	APn	\emph{Multi-path verification} (AP10):
vol2	chapters/connections/thqg_symplectic_polarization.tex	200	inscrib	the citation level rather than re-inscribed here: the perfectness
vol2	chapters/connections/thqg_symplectic_polarization.tex	215	APn	per and AP287.
vol2	chapters/connections/twisted_holography_quantum_gravity.tex	3046	inscrib	section inscribes this identification as a theorem with explicit
vol2	chapters/connections/universal_celestial_holography.tex	786	inscrib	inscribed in \S\ref{sec:theorem-H}, and corresponding $\cA^{\mathrm{cel}}$
vol2	chapters/connections/universal_holography_functor.tex	776	inscrib	Theorem~\ref*{thm:chd-ds-hochschild} inscribed, Verdier
vol2	chapters/connections/universal_holography_functor.tex	857	inscrib	Theorem~\ref*{thm:chd-ds-hochschild} inscribed, chain-level
vol2	chapters/connections/w_infty_e_infty_endpoint_platonic.tex	7	inscrib	% inscribed only conditionally at the time of first writing. The prior
vol2	chapters/connections/w_infty_e_infty_endpoint_platonic.tex	16	inscrib	% generic lambda; the W_infty endpoint is thereby inscribed as a theorem
vol2	chapters/connections/w_infty_e_infty_endpoint_platonic.tex	59	inscrib	endpoint of the $\Einfty$-ladder is then inscribed as a theorem, not a
vol2	chapters/connections/w_infty_e_infty_endpoint_platonic.tex	454	inscrib	The inscribed structure is the Platonic endpoint of the
vol2	chapters/connections/w_infty_e_infty_endpoint_platonic.tex	575	inscrib	The $\Einfty$-topologization endpoint theorem is inscribed at generic
vol2	chapters/examples/w-algebras.tex	2223	Wave-N	Beyond the $N \le 6$ range of Wave~17/18 the Niemeier anchor
vol2	chapters/examples/w-algebras.tex	2299	Wave-N	\begin{remark}[Healing the Wave~18 divisor-of-$24$ heuristic]
vol2	chapters/examples/w-algebras.tex	2301	Wave-N	A provisional heuristic in the Wave~18 record proposed that the
vol2	chapters/examples/w-algebras.tex	2308	Wave-N	are satisfied). At $N = 5$ the Wave~18 rule rejects (5 does not
vol2	chapters/examples/w-algebras.tex	2310	Wave-N	the Wave~18 rule accepts but no pure $k A_{N-1}$ Niemeier exists.
vol2	chapters/frame/preface.tex	1167	inscrib	(Theorem~\ref{thm:complete-strictification}) is inscribed in
vol2	chapters/frame/preface.tex	1751	inscrib	and inscribed as conjectural
vol2	chapters/theory/beta_N_closed_form_all_platonic.tex	40	inscrib	%% Inscribes:
vol2	chapters/theory/beta_N_closed_form_all_platonic.tex	68	inscrib	%% HEAL-SWEEP directive honored: the STRONGEST honest form is inscribed.
vol2	chapters/theory/beta_N_closed_form_all_platonic.tex	692	inscrib	This remark is inscribed solely as the wave-14 anchor; the closed
vol2	chapters/theory/bp_chain_level_strict_platonic.tex	8	inscrib	% This chapter inscribes the STRONGEST HONEST FORM of the
vol2	chapters/theory/class_m_direct_sum_obstruction_platonic.tex	12	inscrib	%% We inscribe:
vol2	chapters/theory/class_m_direct_sum_obstruction_platonic.tex	44	inscrib	%% Inscribes:
vol2	chapters/theory/curved_dunn_higher_genus.tex	43	inscrib	uncurving we inscribe as
vol2	chapters/theory/curved_dunn_higher_genus.tex	481	inscrib	ambient reconstitution) but was never inscribed as a standalone
vol2	chapters/theory/curved_dunn_higher_genus.tex	628	inscrib	Feynman transform; the bracket and differential are inscribed
vol2	chapters/theory/curved_dunn_higher_genus.tex	1649	inscrib	curvature self-contraction theorem inscribed as Vol I
vol2	chapters/theory/curved_dunn_higher_genus.tex	1915	inscrib	inscribed in Vol.~I
vol2	chapters/theory/curved_dunn_raw_direct_sum_platonic.tex	30	inscrib	%% Inscribes:
vol2	chapters/theory/grt_parametrized_seven_faces.tex	2	inscrib	%% Inscribes the torsor realization of Face(A) over GRT_1(Q), promotes
vol2	chapters/theory/grt_parametrized_seven_faces.tex	100	inscrib	Section~\ref{sec:grt-torsor-thm} inscribes the master theorem:
vol2	chapters/theory/grt_parametrized_seven_faces.tex	109	inscrib	inscribe $F_8$ (Brown motivic) and $F_9$ (Willwacher operadic)
vol2	chapters/theory/grt_parametrized_seven_faces.tex	219	inscrib	The nine Q-rational orbit representatives we inscribe are listed
vol2	chapters/theory/introduction.tex	2771	inscrib	This volume's `DNA' blocks inscribe the intermediate the K3 synthesis
vol2	chapters/theory/introduction.tex	2797	inscrib	already inscribed at Remark~\ref{rem:wa-retraction}),
vol2	chapters/theory/irrational_cosets_tempered_platonic.tex	8	inscrib	%% inscribed conj:tempered-unbounded-zhu ("bounded Zhu ==> tempered";
vol2	chapters/theory/irrational_cosets_tempered_platonic.tex	71	inscrib	%% Inscribes:
vol2	chapters/theory/irrational_cosets_tempered_platonic.tex	93	inscrib	%%      conj:tempered-unbounded-zhu inscribed; non-tempered frontier
vol2	chapters/theory/irrational_cosets_tempered_platonic.tex	113	inscrib	%%   contrapositive conjecture + inscribe the refined criterion.
vol2	chapters/theory/irrational_cosets_tempered_platonic.tex	670	inscrib	inscribed Conjecture~\ref{conj:tempered-unbounded-zhu}, whose
vol2	chapters/theory/irrational_cosets_tempered_platonic.tex	918	inscrib	tempering + refined VSKR + BGG criterion, inscribed in
vol2	chapters/theory/irrational_cosets_tempered_platonic.tex	970	inscrib	This remark is inscribed solely as the wave-14 anchor; the
vol2	chapters/theory/logarithmic_wp_tempered_analysis_platonic.tex	66	inscrib	%% Inscribes:
vol2	chapters/theory/logarithmic_wp_tempered_analysis_platonic.tex	709	inscrib	inscribed solely to mark the wave-14 anchor; the conjecture itself
vol2	chapters/theory/logarithmic_wp_tempered_analysis_platonic.tex	1052	inscrib	$C_2$-cofinite VOA, inscribed in
vol2	chapters/theory/modular_swiss_cheese_operad.tex	4020	inscrib	The explicit chain isomorphism and its proof are inscribed as
vol2	chapters/theory/modular_swiss_cheese_operad.tex	4549	APn	\emph{Multi-path verification} (AP10):
vol2	chapters/theory/modular_swiss_cheese_operad.tex	4625	APn	\emph{Multi-path verification} (AP10):
vol2	chapters/theory/sc_chtop_heptagon.tex	514	APn	This is an AP245 triple-check witness: chain-level $d_B$ via
vol2	chapters/theory/sc_chtop_heptagon.tex	635	APn	not topological or categorical Hochschild; see AP160 disambiguation),
vol2	chapters/theory/sc_chtop_heptagon.tex	820	APn	\item This is an AP245 triple-check witness: chain-level boundary
vol2	chapters/theory/sc_chtop_heptagon.tex	1957	APn	(AP273 discipline).
vol2	chapters/theory/sc_chtop_heptagon.tex	1967	APn	this is the AP245 dimensional witness. Traversing the seven faces
vol2	chapters/theory/sc_chtop_heptagon.tex	2193	APn	AP277 injunction: Dunn additivity is applied in Step~(ii) to the
vol2	chapters/theory/sc_chtop_heptagon.tex	2201	APn	(AP286). Only after topologisation of the closed colour does
vol2	chapters/theory/super_chiral_yangian.tex	166	adjudicat	This remark adjudicates the apparent tension by separating right,
vol2	chapters/theory/tempered_stratum_characterization_platonic.tex	66	inscrib	%% Inscribes:
vol2	chapters/theory/tempered_stratum_characterization_platonic.tex	104	inscrib	%%   inscribe the explicit convergence radius rho_*(c) = c/6, extend
vol2	chapters/theory/tempered_stratum_characterization_platonic.tex	701	inscrib	frontier of the present chapter, inscribed as
vol2	chapters/theory/tempered_stratum_characterization_platonic.tex	948	inscrib	sector analysis respectively; both are open and inscribed as frontier
vol2	chapters/theory/tempered_stratum_characterization_platonic.tex	957	inscrib	retracted. The strongest honest form is inscribed in
vol2	chapters/theory/tempered_stratum_characterization_platonic.tex	1175	inscrib	unconditional on this locus. This remark is inscribed solely as the
vol2	chapters/theory/theorems_C_D_native_vol2_platonic.tex	466	inscrib	Section and theorem structure: Section~C inscribes the total
vol2	chapters/theory/theorems_C_D_native_vol2_platonic.tex	468	inscrib	bundle; Section~D inscribes the tensor curvature on the
vol2	chapters/theory/topologization_class_m_original_complex_platonic.tex	8	inscrib	%% tempered-stratum heal inscribed at
vol2	chapters/theory/topologization_class_m_original_complex_platonic.tex	30	inscrib	%% and inscribed in the Wrong Formulas Blacklist at B87 (Vol I CLAUDE.md).
vol2	chapters/theory/topologization_class_m_original_complex_platonic.tex	103	inscrib	%% Inscribes:
vol2	chapters/theory/topologization_class_m_original_complex_platonic.tex	900	inscrib	The three inscribed theorems of this chapter admit the following
vol2	chapters/theory/topologization_class_m_original_complex_platonic.tex	974	inscrib	were inscribed. The original-complex question was open.
vol2	chapters/theory/unified_chiral_quantum_group.tex	1500	APn	Proposition~\ref{prop:ucqg-chd-universal-property} below} (AP276
vol2	chapters/theory/unified_chiral_quantum_group.tex	1568	APn	quasi-isomorphism, Vol.~I Theorem~A}). Adopt \emph{AP276
vol2	chapters/theory/unified_chiral_quantum_group.tex	1664	APn	(Theorem~B, $\SCchtop$-variant; cf.~/ AP255 discipline and
vol2	chapters/theory/unified_chiral_quantum_group.tex	1684	APn	the five scope qualifiers of the cross-bridge bullet. The AP276
vol2	chapters/theory/unified_chiral_quantum_group.tex	1690	APn	associator-free (AP269 discipline: chain level conditional,
vol2	chapters/theory/unified_chiral_quantum_group.tex	1701	APn	of / AP255.
vol2	chapters/theory/wn_tempered_closure_platonic.tex	40	inscrib	%% Inscribes:
vol2	chapters/theory/wn_tempered_closure_platonic.tex	63	inscrib	%% HEAL-SWEEP directive applied: the strongest honest form is inscribed.
vol2	chapters/theory/wn_tempered_closure_platonic.tex	563	inscrib	inscribed solely as the wave-14 anchor.
vol2	appendices/appendix_q_conventions_v2.tex	8	Wave-N	\begin{remark}[Wave-14 reconstitution: cross-volume canonical reference]
vol2	appendices/appendix_q_conventions_v2.tex	10	Wave-N	The Wave-14 reconstitution of the q-convention bridge inscribes a fully expanded
vol3	chapters/connections/bar_cobar_bridge.tex	1603	inscrib	\texttt{cor:kappa-conductor-trinity-centre}, not yet inscribed\textup{),}
vol3	chapters/connections/geometric_langlands.tex	1028	Wave-N	Wave~17 Remark~\ref{rem:gl-fricke-self-duality} identified
vol3	chapters/connections/geometric_langlands.tex	1031	Wave-N	${}^L\mathfrak{g}_{\Delta_5} = \mathfrak{g}_{\Delta_5}$. Wave~18's
vol3	chapters/connections/geometric_langlands.tex	1148	Wave-N	motivic fundamental group is new to Wave 20 Etingof + Witten synthesis.}
vol3	chapters/connections/geometric_langlands.tex	1291	Wave-N	the Padovan-dimension $\dim \phi^{(n)}$ sequence of Wave 18
vol3	chapters/connections/geometric_langlands.tex	1301	Wave-N	Wave 18 synthesis (\texttt{notes/SYNTHESIS\_WAVES\_14\_TO\_18.md}).
vol3	chapters/connections/geometric_langlands.tex	1304	Wave-N	\section{Wave 21 Kazhdan face: tempered Hecke on Mukai-graded
vol3	chapters/connections/geometric_langlands.tex	1317	Wave-N	\begin{remark}[Wave~21 Kazhdan: Fricke-Wilson trace of the Mukai-graded
vol3	chapters/connections/geometric_langlands.tex	1354	Wave-N	Wave-21 C1 universality of Vol~I
vol3	chapters/connections/geometric_langlands.tex	1368	Wave-N	\begin{remark}[Wave~21 Kazhdan: Mukai-graded Chriss--Ginzburg
vol3	chapters/connections/geometric_langlands.tex	1414	Wave-N	\begin{remark}[Wave~21 Kazhdan: genus-$2$ Siegel Wilson line at the
vol3	chapters/connections/geometric_langlands.tex	1443	Wave-N	Mok 2015). This gives the geometric content of the Wave-21 universal
vol3	chapters/connections/geometric_langlands.tex	1457	Wave-N	\begin{remark}[Wave~21 Kazhdan: Geometric Langlands Hecke-eigensheaf
vol3	chapters/connections/geometric_langlands.tex	1462	Wave-N	The five cycles of Wave-21 (Vol~I C1--C5) now read, on the Vol~III
vol3	chapters/connections/geometric_langlands.tex	1469	Wave-N	\item \emph{Temperedness.} Verified at all primes $p\le 79$ (Wave~17)
vol3	chapters/connections/geometric_langlands.tex	1470	Wave-N	and $p\le 113$ (Wave~18); the Deligne-saturation ratios lie strictly
vol3	chapters/connections/padic_langlands_cy.tex	4	inscrib	The chiral image $\Phi(X)$ of a compact Calabi--Yau $X$ at $d = 2$ is the Mukai Heisenberg $H_{\mathrm{Muk}}$ of rank $24 = b_2(X) + 2 = \kappa_{\m...
vol3	chapters/examples/coha_wall_crossing_platonic.tex	40	inscrib	compatibility are inscribed in
vol3	chapters/examples/coha_wall_crossing_platonic.tex	1034	inscrib	inscribes this dictionary. It is the Beilinson-voice counterpart of
vol3	chapters/examples/cy_c_pentagon_hypothesis_closures_platonic.tex	514	inscrib	body is inscribed in the literature and recalled in the corresponding proof)
vol3	chapters/examples/cy_c_six_routes_convergence.tex	1521	inscrib	Among the six CY-C candidate routes, the conjectural Hall--Drinfeld double $\mathcal{D}_\hbar(\mathcal{Y}^{\mathrm{Hall}}_\hbar(\mathrm{CoHA}_{K3\t...
vol3	chapters/examples/cy_c_six_routes_convergence.tex	1703	WN	= formality tower identification. The W19 Etingof
vol3	chapters/examples/cy_d_kappa_stratification.tex	1936	APn	(AP10 discipline): $\chi_{\mathrm{top}}(K3) = 24$ via Betti numbers;
vol3	chapters/examples/cy_d_kappa_stratification.tex	2041	APn	sources, different arithmetic paths), satisfying AP10 multi-path
vol3	chapters/examples/cy_d_kappa_stratification.tex	2224	APn	(AP10 path via Dijkgraaf--Vafa--Verlinde 2002
vol3	chapters/examples/derived_categories_cy.tex	1026	inscrib	theorem below inscribes the dictionary; the companion
vol3	chapters/examples/derived_categories_cy.tex	1244	Wave-N	period-realisation statement is new to Wave~20.}
vol3	chapters/examples/derived_categories_cy.tex	1365	Wave-N	Wave 20 Etingof thread (\texttt{notes/SYNTHESIS\_WAVES\_14\_TO\_18.md}).
vol3	chapters/examples/fukaya_categories.tex	991	inscrib	inscribes that A-side categorification.
vol3	chapters/examples/fukaya_categories.tex	1089	APn	\emph{Multi-path verification} (AP10):
vol3	chapters/examples/fukaya_categories.tex	1144	APn	\emph{Multi-path verification} (AP10):
vol3	chapters/examples/k3_chiral_bialgebra_platonic.tex	14	inscrib	denominator identity. The present chapter inscribes the chiral bialgebra
vol3	chapters/examples/k3_chiral_bialgebra_platonic.tex	905	adjudicat	\subsection{Adjudication: the curve is $E^{\mathrm{nod}}_{24}$, not $\Sigma_{0,24}$}
vol3	chapters/examples/k3_chiral_bialgebra_platonic.tex	1161	adjudicat	The adjudication of
vol3	chapters/examples/k3_chiral_bialgebra_platonic.tex	2368	inscrib	The Humbert divisors $H_1, H_4 \subset \overline{\mathcal{A}_2}$ are Heegner divisors parametrising principally polarised abelian surfaces with rea...
vol3	chapters/examples/k3_chiral_bialgebra_platonic.tex	4458	inscrib	$\phi^{(i)}$ (inscribed through $\hbar^6$ in
vol3	chapters/examples/k3_chiral_bialgebra_platonic.tex	4512	inscrib	Brown motivic primitive, inscribed for the first time at this order.
vol3	chapters/examples/k3_chiral_bialgebra_platonic.tex	4696	inscrib	\emph{To Chapter~\ref{ch:k3-yangian}.} The object inscribed there as ``the K3 Yangian''
vol3	chapters/examples/k3_chiral_bialgebra_platonic.tex	4755	inscrib	``Lorentzian-lattice-parametric $\mathcal{B}$-family''. This is inscribed in
vol3	chapters/examples/k3_quantum_toroidal_chapter.tex	1406	APn	\emph{Multi-path verification} (AP10):
vol3	chapters/examples/k3_quantum_toroidal_chapter.tex	1465	APn	\emph{Multi-path verification} (AP10):
vol3	chapters/examples/k3_quantum_toroidal_chapter.tex	1800	APn	\emph{Multi-path verification} (AP10):
vol3	chapters/examples/k3_quantum_toroidal_chapter.tex	1897	APn	\emph{Multi-path verification} (AP10):
vol3	chapters/examples/k3_yangian_chapter.tex	26	inscrib	inscribed in Chapter~\ref{ch:k3-chiral-bialgebra-platonic}; a reader who wants the
vol3	chapters/examples/k3_yangian_chapter.tex	44	inscrib	Theorem~\ref{thm:k3-yangian-frenkel-kac-closure} below, and inscribed as
vol3	chapters/examples/k3_yangian_chapter.tex	885	inscrib	Chapter~\ref{ch:k3e-bkm}. This section inscribes the construction
vol3	chapters/examples/k3_yangian_chapter.tex	2069	WN	\begin{remark}[Status upgrade: super-Yangian now constructed (Drinfeld W20)]
vol3	chapters/examples/k3_yangian_chapter.tex	2077	AP-CY	open status label \emph{AP-CY10: super-Yangian CONJECTURAL}
vol3	chapters/examples/k3_yangian_chapter.tex	2096	WN	\item classical limit: the Kazhdan W19 Lie bialgebra
vol3	chapters/examples/k3_yangian_chapter.tex	2101	WN	original W10 form for historical continuity; the framework assessment
vol3	chapters/examples/k3e_bkm_chapter.tex	1362	APn	AP307 flag: do \emph{not} identify the $-744$ with a
vol3	chapters/examples/k3e_bkm_chapter.tex	1528	APn	law.  Propagating it to the Monster case is an AP307
vol3	chapters/examples/k3e_cy3_programme.tex	3586	inscrib	The Gritsenko--Nikulin Igusa form $\Delta_5$ is the $1$-loop-forced output of paramodular anomaly cancellation in twisted 11D supergravity on $K3\t...
vol3	chapters/examples/toric_cy3_coha.tex	1351	inscrib	\begin{conjecture}[KKV BPS spectrum inscribed in the
vol3	chapters/examples/toric_cy3_coha.tex	1916	APn	\emph{Multi-path verification} (AP10):
vol3	chapters/examples/toroidal_elliptic.tex	413	inscrib	The single-copy Miki presentation of $U_{q_1,q_2}(\hat{\hat{\mathfrak{gl}}}_1)$ upgrades, under the passage $E_\tau \leadsto K3$ via the Shioda--In...
vol3	chapters/examples/toroidal_elliptic.tex	1616	APn	The next chapter studies a Calabi--Yau threefold $K3 \times E$: a K3 surface times the same elliptic curve. If Costello--Li's holomorphic twist red...
vol3	chapters/frame/preface.tex	76	inscrib	inscribes the full Hall--Drinfeld/Borcherds crown.
vol3	chapters/frame/preface.tex	345	inscrib	On the chiral side, Vol~I's Theorem~H inscribes the
vol3	chapters/frame/preface.tex	1939	inscrib	(Chapter~\ref{ch:k3-chiral-bialgebra-platonic}) inscribes
vol3	chapters/theory/cy_to_chiral.tex	4791	inscrib	$\mathbb{P}^1$-family of $E_1$-chiral algebras, in four explicit steps, and inscribe
vol3	chapters/theory/cy_to_chiral.tex	5715	inscrib	Vol~I Proposition~\ref{prop:bvbrst-cech-cocycle} inscribes a
vol3	chapters/theory/cyclic_ainf.tex	884	adjudicat	\S$5$ Thm.~$5.3$; item~(I).$6$ of the Wave-$19$ adjudication). The
vol3	chapters/theory/drinfeld_center.tex	2544	inscrib	(BV obstruction tower, inscribed in
vol3	chapters/theory/e1_chiral_algebras.tex	3402	inscrib	(Etingof--Kazhdan 2008, Selecta Math.~14).  We inscribe it here
vol3	chapters/theory/e2_chiral_algebras.tex	2487	Wave-N	Wave-19 adjudication ledger).  The reduction is compatible with the
vol3	chapters/theory/e2_chiral_algebras.tex	2492	APn	\emph{Multi-path verification} (AP10):
vol3	chapters/theory/e2_chiral_algebras.tex	2570	APn	\emph{Multi-path verification} (AP10):
vol3	chapters/theory/e2_chiral_algebras.tex	2625	APn	\emph{Multi-path verification} (AP10):
vol3	chapters/theory/e2_chiral_algebras.tex	2655	Wave-N	Wave-19 adjudication ledger ($A_\infty$-quasi-Hopf non-closure).
vol3	chapters/theory/hochschild_calculus.tex	506	WN	cocycle-class level (audit-corrected Vol~I W21.4: the earlier
vol3	chapters/theory/quantum_chiral_algebras.tex	1121	APn	The Mukai lattice $\Lambda = E_8(-1)^{\oplus 2} \oplus U^{\oplus 3}$ has signature $(4, 20)$. The negative-definite part has rank~$20$, and ADE roo...
vol3	chapters/theory/quantum_groups_foundations.tex	509	APn	combinatorial count.  AP10 multi-path:
vol3	chapters/theory/quantum_groups_foundations.tex	808	APn	\emph{Multi-path verification} (AP10):
vol3	chapters/theory/quantum_groups_foundations.tex	919	APn	\emph{Multi-path verification} (AP10):
vol3	chapters/theory/quantum_groups_foundations.tex	1101	APn	\emph{Multi-path verification} (AP10, three independent paths):
vol3	chapters/theory/quantum_groups_foundations.tex	1282	APn	\emph{Multi-path verification} (AP10):
vol3	chapters/theory/quantum_groups_foundations.tex	1460	APn	\emph{Multi-path verification} (AP10):
vol3	chapters/theory/quantum_groups_foundations.tex	1545	APn	\emph{Multi-path verification} (AP10):
vol3	chapters/theory/quantum_groups_foundations.tex	1628	APn	\emph{Multi-path verification} (AP10):
vol3	chapters/theory/quantum_groups_foundations.tex	1828	APn	\emph{Multi-path verification} (AP10):
vol3	chapters/theory/quantum_groups_foundations.tex	1902	APn	\emph{Multi-path verification} (AP10):
vol3	chapters/theory/quantum_groups_foundations.tex	2119	APn	\emph{Multi-path verification} (AP10):
vol3	chapters/theory/quantum_groups_foundations.tex	2264	APn	\emph{Multi-path verification} (AP10):
vol3	chapters/theory/quantum_groups_foundations.tex	2483	APn	\emph{Multi-path verification} (AP10):
vol3	chapters/theory/quantum_groups_foundations.tex	3097	APn	\emph{Multi-path verification} (AP10):
vol3	chapters/theory/quantum_groups_foundations.tex	3161	APn	\emph{Multi-path verification} (AP10):
vol3	bibliography/references.tex	292	Wave-N	% --- Wave-12 bibkey heal (2026-04-18): top-10 new \bibitem entries + 2 aliases ---
vol3	bibliography/references.tex	327	Wave-N	% --- Aliases (naming-drift repairs, Vol III Wave-12) ---
vol3	appendices/conventions.tex	123	APn	$K_{\mathrm{Vir}} = 26$ (anti-pattern AP24).  The bare $\kappa$ never appears
vol3	appendices/conventions.tex	168	Wave-N	\begin{remark}[Wave-14 reconstitution: Vol~I canonical reference]
vol3	appendices/conventions.tex	455	APn	The five anti-patterns (AP24, AP151, AP160) addressed by
vol3	appendices/conventions.tex	459	inscrib	inscribed above close the silent-error sources that drove these
vol3	appendices/notation_conventions.tex	32	APn	Bare ``$\kappa$'' without subscript is \textbf{forbidden} in Vol~III (AP113).
vol3	appendices/notation_conventions.tex	257	APn	Bare ``ordered'' is \textbf{forbidden} (AP152).  Three distinct
vol3	appendices/notation_conventions.tex	535	APn	A single $\hbar$ convention is used per file (AP151).  The
vol3	appendices/notation_conventions.tex	551	APn	chiral algebras with different $\kappa_\bullet$-values (AP157).
vol3	appendices/test_suite.tex	53	APn	AP113 ($\kappa$-spectrum) & Verify all four $\kappa_\bullet$ values &
